{
    "name": "root",
    "gauges": {
        "Dino.Policy.Entropy.mean": {
            "value": 2.358957529067993,
            "min": 1.849400520324707,
            "max": 2.3975043296813965,
            "count": 200
        },
        "Dino.Policy.Entropy.sum": {
            "value": 23731.11328125,
            "min": 18278.201171875,
            "max": 24482.419921875,
            "count": 200
        },
        "Dino.PerEpisode.GameplayTime.mean": {
            "value": 12.857064216759554,
            "min": 6.697428364413125,
            "max": 13.788157352784864,
            "count": 200
        },
        "Dino.PerEpisode.GameplayTime.sum": {
            "value": 2018.55908203125,
            "min": 1845.301513671875,
            "max": 2122.94091796875,
            "count": 200
        },
        "Dino.Totals.Episodes.mean": {
            "value": 12298.0,
            "min": 109.0,
            "max": 12298.0,
            "count": 200
        },
        "Dino.Totals.Episodes.sum": {
            "value": 12298.0,
            "min": 109.0,
            "max": 12298.0,
            "count": 200
        },
        "Dino.Totals.Decisions.mean": {
            "value": 764980.0,
            "min": 4160.0,
            "max": 764980.0,
            "count": 200
        },
        "Dino.Totals.Decisions.sum": {
            "value": 764980.0,
            "min": 4160.0,
            "max": 764980.0,
            "count": 200
        },
        "Dino.Totals.GameplaySeconds.mean": {
            "value": 153113.515625,
            "min": 819.490966796875,
            "max": 153113.515625,
            "count": 200
        },
        "Dino.Totals.GameplaySeconds.sum": {
            "value": 153113.515625,
            "min": 819.490966796875,
            "max": 153113.515625,
            "count": 200
        },
        "Dino.Environment.LessonNumber.decision_period.mean": {
            "value": 0.0,
            "min": 0.0,
            "max": 0.0,
            "count": 200
        },
        "Dino.Environment.LessonNumber.decision_period.sum": {
            "value": 0.0,
            "min": 0.0,
            "max": 0.0,
            "count": 200
        },
        "Dino.Environment.LessonNumber.environments_per_unity_process.mean": {
            "value": 0.0,
            "min": 0.0,
            "max": 0.0,
            "count": 200
        },
        "Dino.Environment.LessonNumber.environments_per_unity_process.sum": {
            "value": 0.0,
            "min": 0.0,
            "max": 0.0,
            "count": 200
        },
        "Dino.Environment.LessonNumber.multi_scene.mean": {
            "value": 0.0,
            "min": 0.0,
            "max": 0.0,
            "count": 200
        },
        "Dino.Environment.LessonNumber.multi_scene.sum": {
            "value": 0.0,
            "min": 0.0,
            "max": 0.0,
            "count": 200
        },
        "Dino.Step.mean": {
            "value": 1999986.0,
            "min": 9982.0,
            "max": 1999986.0,
            "count": 200
        },
        "Dino.Step.sum": {
            "value": 1999986.0,
            "min": 9982.0,
            "max": 1999986.0,
            "count": 200
        },
        "Dino.Policy.ExtrinsicValueEstimate.mean": {
            "value": 0.3614407479763031,
            "min": -0.4637592136859894,
            "max": 0.497398316860199,
            "count": 200
        },
        "Dino.Policy.ExtrinsicValueEstimate.sum": {
            "value": 175.29876708984375,
            "min": -226.77825927734375,
            "max": 235.2694091796875,
            "count": 200
        },
        "Dino.Environment.EpisodeLength.mean": {
            "value": 63.267515923566876,
            "min": 41.75909090909091,
            "max": 67.95918367346938,
            "count": 200
        },
        "Dino.Environment.EpisodeLength.sum": {
            "value": 9933.0,
            "min": 9083.0,
            "max": 10455.0,
            "count": 200
        },
        "Dino.PerEpisode.Decisions.mean": {
            "value": 64.26751592356688,
            "min": 42.75909090909091,
            "max": 68.95918367346938,
            "count": 200
        },
        "Dino.PerEpisode.Decisions.sum": {
            "value": 10090.0,
            "min": 9226.0,
            "max": 10611.0,
            "count": 200
        },
        "Dino.PerEpisode.AttemptedJumps.mean": {
            "value": 13.146496815286625,
            "min": 10.504854368932039,
            "max": 23.089473684210525,
            "count": 200
        },
        "Dino.PerEpisode.AttemptedJumps.sum": {
            "value": 2064.0,
            "min": 1880.0,
            "max": 4676.0,
            "count": 200
        },
        "Dino.PerEpisode.InvalidJumps.mean": {
            "value": 8.26751592356688,
            "min": 7.024271844660194,
            "max": 18.45263157894737,
            "count": 200
        },
        "Dino.PerEpisode.InvalidJumps.sum": {
            "value": 1298.0,
            "min": 1173.0,
            "max": 3800.0,
            "count": 200
        },
        "Dino.PerEpisode.ExecutedJumps.mean": {
            "value": 4.8789808917197455,
            "min": 3.4545454545454546,
            "max": 5.299319727891157,
            "count": 200
        },
        "Dino.PerEpisode.ExecutedJumps.sum": {
            "value": 766.0,
            "min": 686.0,
            "max": 881.0,
            "count": 200
        },
        "Dino.Environment.CumulativeReward.mean": {
            "value": 1.301968431052489,
            "min": -0.20115454643964767,
            "max": 1.4888564940239932,
            "count": 200
        },
        "Dino.Environment.CumulativeReward.sum": {
            "value": 203.1070752441883,
            "min": -44.25400021672249,
            "max": 224.00583764910698,
            "count": 200
        },
        "Dino.Policy.ExtrinsicReward.mean": {
            "value": 1.301968431052489,
            "min": -0.20115454643964767,
            "max": 1.4888564940239932,
            "count": 200
        },
        "Dino.Policy.ExtrinsicReward.sum": {
            "value": 203.1070752441883,
            "min": -44.25400021672249,
            "max": 224.00583764910698,
            "count": 200
        },
        "Dino.PerEpisode.SuccessfulJumpOvers.mean": {
            "value": 1.1146496815286624,
            "min": 0.21238938053097345,
            "max": 1.2653061224489797,
            "count": 200
        },
        "Dino.PerEpisode.SuccessfulJumpOvers.sum": {
            "value": 175.0,
            "min": 26.0,
            "max": 193.0,
            "count": 200
        },
        "Dino.Losses.PolicyLoss.mean": {
            "value": 0.14338697517122057,
            "min": 0.13083053906036107,
            "max": 0.14791432616766545,
            "count": 200
        },
        "Dino.Losses.PolicyLoss.sum": {
            "value": 0.7169348758561028,
            "min": 0.5233221562414443,
            "max": 0.7395716308383272,
            "count": 200
        },
        "Dino.Losses.ValueLoss.mean": {
            "value": 0.13051139364633949,
            "min": 0.07132283824290254,
            "max": 0.18393512060149358,
            "count": 200
        },
        "Dino.Losses.ValueLoss.sum": {
            "value": 0.6525569682316974,
            "min": 0.304075362867129,
            "max": 0.9196756030074679,
            "count": 200
        },
        "Dino.Policy.LearningRate.mean": {
            "value": 7.962997346000001e-07,
            "min": 7.962997346000001e-07,
            "max": 0.00029917830027389997,
            "count": 200
        },
        "Dino.Policy.LearningRate.sum": {
            "value": 3.9814986730000005e-06,
            "min": 3.9814986730000005e-06,
            "max": 0.0014887746037417996,
            "count": 200
        },
        "Dino.Policy.Epsilon.mean": {
            "value": 0.10026540000000002,
            "min": 0.10026540000000002,
            "max": 0.19972610000000002,