{
    "name": "root",
    "gauges": {
        "Dino.Policy.Entropy.mean": {
            "value": 0.018889643251895905,
            "min": 0.017619235441088676,
            "max": 0.6571898460388184,
            "count": 200
        },
        "Dino.Policy.Entropy.sum": {
            "value": 191.9187774658203,
            "min": 177.31480407714844,
            "max": 6992.5,
            "count": 200
        },
        "Dino.PerEpisode.GameplayTime.mean": {
            "value": 13.628645613386825,
            "min": 8.674285506388781,
            "max": 14.95029514695632,
            "count": 200
        },
        "Dino.PerEpisode.GameplayTime.sum": {
            "value": 8068.158203125,
            "min": 7805.390625,
            "max": 8286.822265625,
            "count": 200
        },
        "Dino.Totals.Episodes.mean": {
            "value": 40518.0,
            "min": 326.0,
            "max": 40518.0,
            "count": 200
        },
        "Dino.Totals.Episodes.sum": {
            "value": 40518.0,
            "min": 326.0,
            "max": 40518.0,
            "count": 200
        },
        "Dino.Totals.Decisions.mean": {
            "value": 695080.0,
            "min": 3680.0,
            "max": 695080.0,
            "count": 200
        },
        "Dino.Totals.Decisions.sum": {
            "value": 695080.0,
            "min": 3680.0,
            "max": 695080.0,
            "count": 200
        },
        "Dino.Totals.GameplaySeconds.mean": {
            "value": 551386.25,
            "min": 2829.892333984375,
            "max": 551386.25,
            "count": 200
        },
        "Dino.Totals.GameplaySeconds.sum": {
            "value": 551386.25,
            "min": 2829.892333984375,
            "max": 551386.25,
            "count": 200
        },
        "Dino.Environment.LessonNumber.decision_period.mean": {
            "value": 0.0,
            "min": 0.0,
            "max": 0.0,
            "count": 200
        },
        "Dino.Environment.LessonNumber.decision_period.sum": {
            "value": 0.0,
            "min": 0.0,
            "max": 0.0,
            "count": 200
        },
        "Dino.Environment.LessonNumber.environments_per_unity_process.mean": {
            "value": 0.0,
            "min": 0.0,
            "max": 0.0,
            "count": 200
        },
        "Dino.Environment.LessonNumber.environments_per_unity_process.sum": {
            "value": 0.0,
            "min": 0.0,
            "max": 0.0,
            "count": 200
        },
        "Dino.Environment.LessonNumber.multi_scene.mean": {
            "value": 0.0,
            "min": 0.0,
            "max": 0.0,
            "count": 200
        },
        "Dino.Environment.LessonNumber.multi_scene.sum": {
            "value": 0.0,
            "min": 0.0,
            "max": 0.0,
            "count": 200
        },
        "Dino.Environment.EpisodeLength.mean": {
            "value": 16.030405405405407,
            "min": 10.625284738041003,
            "max": 17.685873605947954,
            "count": 200
        },
        "Dino.Environment.EpisodeLength.sum": {
            "value": 9490.0,
            "min": 9096.0,
            "max": 9734.0,
            "count": 200
        },
        "Dino.PerEpisode.AttemptedJumps.mean": {
            "value": 4.0574324324324325,
            "min": 3.5375,
            "max": 5.408883826879271,
            "count": 200
        },
        "Dino.PerEpisode.AttemptedJumps.sum": {
            "value": 2402.0,
            "min": 2315.0,
            "max": 4749.0,
            "count": 200
        },
        "Dino.PerEpisode.InvalidJumps.mean": {
            "value": 0.1891891891891892,
            "min": 0.13402061855670103,
            "max": 2.6902857142857144,
            "count": 200
        },
        "Dino.PerEpisode.InvalidJumps.sum": {
            "value": 112.0,
            "min": 78.0,
            "max": 2354.0,
            "count": 200
        },
        "Dino.PerEpisode.Decisions.mean": {
            "value": 17.030405405405407,
            "min": 11.625284738041003,
            "max": 18.685873605947954,
            "count": 200
        },
        "Dino.PerEpisode.Decisions.sum": {
            "value": 10082.0,
            "min": 9761.0,
            "max": 10357.0,
            "count": 200
        },
        "Dino.PerEpisode.ExecutedJumps.mean": {
            "value": 3.8682432432432434,
            "min": 2.489596083231334,
            "max": 4.345724907063197,
            "count": 200
        },
        "Dino.PerEpisode.ExecutedJumps.sum": {
            "value": 2290.0,
            "min": 1995.0,
            "max": 2395.0,
            "count": 200
        },
        "Dino.Step.mean": {
            "value": 1999996.0,
            "min": 9998.0,
            "max": 1999996.0,
            "count": 200
        },
        "Dino.Step.sum": {
            "value": 1999996.0,
            "min": 9998.0,
            "max": 1999996.0,
            "count": 200
        },
        "Dino.Policy.ExtrinsicValueEstimate.mean": {
            "value": 0.8238092064857483,
            "min": -0.2804930806159973,
            "max": 1.0624479055404663,
            "count": 200
        },
        "Dino.Policy.ExtrinsicValueEstimate.sum": {
            "value": 538.771240234375,
            "min": -243.74847412109375,
            "max": 692.7160034179688,
            "count": 200
        },
        "Dino.Environment.CumulativeReward.mean": {
            "value": 1.4899319115373277,
            "min": -0.13015566051490907,
            "max": 1.9115305554045423,
            "count": 200
        },
        "Dino.Environment.CumulativeReward.sum": {
            "value": 867.1403725147247,
            "min": -112.06402370333672,
            "max": 1026.4919082522392,
            "count": 200
        },
        "Dino.Policy.ExtrinsicReward.mean": {
            "value": 1.4899319115373277,
            "min": -0.13015566051490907,
            "max": 1.9115305554045423,
            "count": 200
        },
        "Dino.Policy.ExtrinsicReward.sum": {
            "value": 867.1403725147247,
            "min": -112.06402370333672,
            "max": 1026.4919082522392,
            "count": 200
        },
        "Dino.PerEpisode.SuccessfulJumpOvers.mean": {
            "value": 1.2162162162162162,
            "min": 0.3361244019138756,
            "max": 1.5074349442379182,
            "count": 200
        },
        "Dino.PerEpisode.SuccessfulJumpOvers.sum": {
            "value": 720.0,
            "min": 248.0,
            "max": 811.0,
            "count": 200
        },
        "Dino.Losses.PolicyLoss.mean": {
            "value": 0.14208617859758124,
            "min": 0.13030555541807745,
            "max": 0.14754541016791095,
            "count": 200
        },
        "Dino.Losses.PolicyLoss.sum": {
            "value": 1.4208617859758124,
            "min": 1.1236593385095528,
            "max": 1.4754541016791096,
            "count": 200
        },
        "Dino.Losses.ValueLoss.mean": {
            "value": 1.1297025324043963,
            "min": 0.34163339238603896,
            "max": 1.5135594721858274,
            "count": 200
        },
        "Dino.Losses.ValueLoss.sum": {
            "value": 11.297025324043963,
            "min": 3.0747005314743507,
            "max": 15.135594721858274,
            "count": 200
        },
        "Dino.Policy.LearningRate.mean": {
            "value": 7.322197559599995e-07,
            "min": 7.322197559599995e-07,
            "max": 0.0002991873669375444,
            "count": 200
        },
        "Dino.Policy.LearningRate.sum": {
            "value": 7.322197559599995e-06,
            "min": 7.322197559599995e-06,
            "max": 0.0028724568425143996,
            "count": 200
        },
        "Dino.Policy.Epsilon.mean": {
            "value": 0.10024404,
            "min": 0.10024404,
            "max": 0.19972912222222225,
            "count": 200
        },