{
    "name": "root",
    "gauges": {
        "Dino.Policy.Entropy.mean": {
            "value": 2.514700174331665,
            "min": 2.0504539012908936,
            "max": 2.5763769149780273,
            "count": 200
        },
        "Dino.Policy.Entropy.sum": {
            "value": 25197.296875,
            "min": 19903.9765625,
            "max": 26292.103515625,
            "count": 200
        },
        "Dino.PerEpisode.GameplayTime.mean": {
            "value": 14.05533965646404,
            "min": 6.879999852091849,
            "max": 14.462015651216444,
            "count": 200
        },
        "Dino.PerEpisode.GameplayTime.sum": {
            "value": 2052.07958984375,
            "min": 1828.798828125,
            "max": 2154.84033203125,
            "count": 200
        },
        "Dino.Totals.Episodes.mean": {
            "value": 11956.0,
            "min": 103.0,
            "max": 11956.0,
            "count": 200
        },
        "Dino.Totals.Episodes.sum": {
            "value": 11956.0,
            "min": 103.0,
            "max": 11956.0,
            "count": 200
        },
        "Dino.Totals.Decisions.mean": {
            "value": 758200.0,
            "min": 4220.0,
            "max": 758200.0,
            "count": 200
        },
        "Dino.Totals.Decisions.sum": {
            "value": 758200.0,
            "min": 4220.0,
            "max": 758200.0,
            "count": 200
        },
        "Dino.Totals.GameplaySeconds.mean": {
            "value": 151625.71875,
            "min": 832.4917602539062,
            "max": 151625.71875,
            "count": 200
        },
        "Dino.Totals.GameplaySeconds.sum": {
            "value": 151625.71875,
            "min": 832.4917602539062,
            "max": 151625.71875,
            "count": 200
        },
        "Dino.Environment.LessonNumber.decision_period.mean": {
            "value": 0.0,
            "min": 0.0,
            "max": 0.0,
            "count": 200
        },
        "Dino.Environment.LessonNumber.decision_period.sum": {
            "value": 0.0,
            "min": 0.0,
            "max": 0.0,
            "count": 200
        },
        "Dino.Environment.LessonNumber.environments_per_unity_process.mean": {
            "value": 0.0,
            "min": 0.0,
            "max": 0.0,
            "count": 200
        },
        "Dino.Environment.LessonNumber.environments_per_unity_process.sum": {
            "value": 0.0,
            "min": 0.0,
            "max": 0.0,
            "count": 200
        },
        "Dino.Environment.LessonNumber.multi_scene.mean": {
            "value": 0.0,
            "min": 0.0,
            "max": 0.0,
            "count": 200
        },
        "Dino.Environment.LessonNumber.multi_scene.sum": {
            "value": 0.0,
            "min": 0.0,
            "max": 0.0,
            "count": 200
        },
        "Dino.Step.mean": {
            "value": 1999987.0,
            "min": 9998.0,
            "max": 1999987.0,
            "count": 200
        },
        "Dino.Step.sum": {
            "value": 1999987.0,
            "min": 9998.0,
            "max": 1999987.0,
            "count": 200
        },
        "Dino.Policy.ExtrinsicValueEstimate.mean": {
            "value": 0.49750834703445435,
            "min": -0.2916663587093353,
            "max": 0.5693774819374084,
            "count": 200
        },
        "Dino.Policy.ExtrinsicValueEstimate.sum": {
            "value": 235.81895446777344,
            "min": -143.2081756591797,
            "max": 268.7461853027344,
            "count": 200
        },
        "Dino.Environment.EpisodeLength.mean": {
            "value": 69.3013698630137,
            "min": 43.43540669856459,
            "max": 71.30201342281879,
            "count": 200
        },
        "Dino.Environment.EpisodeLength.sum": {
            "value": 10118.0,
            "min": 9010.0,
            "max": 10624.0,
            "count": 200
        },
        "Dino.PerEpisode.Decisions.mean": {
            "value": 70.3013698630137,
            "min": 44.43540669856459,
            "max": 72.30201342281879,
            "count": 200
        },
        "Dino.PerEpisode.Decisions.sum": {
            "value": 10264.0,
            "min": 9146.0,
            "max": 10773.0,
            "count": 200
        },
        "Dino.PerEpisode.AttemptedJumps.mean": {
            "value": 15.335616438356164,
            "min": 12.51552795031056,
            "max": 27.168316831683168,
            "count": 200
        },
        "Dino.PerEpisode.AttemptedJumps.sum": {
            "value": 2239.0,
            "min": 1894.0,
            "max": 5488.0,
            "count": 200
        },
        "Dino.PerEpisode.InvalidJumps.mean": {
            "value": 9.917808219178083,
            "min": 7.633540372670807,
            "max": 22.91089108910891,
            "count": 200
        },
        "Dino.PerEpisode.InvalidJumps.sum": {
            "value": 1448.0,
            "min": 1156.0,
            "max": 4628.0,
            "count": 200
        },
        "Dino.PerEpisode.ExecutedJumps.mean": {
            "value": 5.417808219178082,
            "min": 3.4615384615384617,
            "max": 5.583892617449664,
            "count": 200
        },
        "Dino.PerEpisode.ExecutedJumps.sum": {
            "value": 791.0,
            "min": 678.0,
            "max": 885.0,
            "count": 200
        },
        "Dino.Environment.CumulativeReward.mean": {
            "value": 1.6012215979245243,
            "min": -0.09901923714922024,
            "max": 1.7352889256758823,
            "count": 200
        },
        "Dino.Environment.CumulativeReward.sum": {
            "value": 235.3795748949051,
            "min": -20.59600132703781,
            "max": 249.88160529732704,
            "count": 200
        },
        "Dino.Policy.ExtrinsicReward.mean": {
            "value": 1.6012215979245243,
            "min": -0.09901923714922024,
            "max": 1.7352889256758823,
            "count": 200
        },
        "Dino.Policy.ExtrinsicReward.sum": {
            "value": 235.3795748949051,
            "min": -20.59600132703781,
            "max": 249.88160529732704,
            "count": 200
        },
        "Dino.PerEpisode.SuccessfulJumpOvers.mean": {
            "value": 1.3287671232876712,
            "min": 0.23529411764705882,
            "max": 1.4026845637583893,
            "count": 200
        },
        "Dino.PerEpisode.SuccessfulJumpOvers.sum": {
            "value": 194.0,
            "min": 43.0,
            "max": 209.0,
            "count": 200
        },
        "Dino.Losses.PolicyLoss.mean": {
            "value": 0.14269776409865023,
            "min": 0.13089575275959317,
            "max": 0.14883104995052726,
            "count": 200
        },
        "Dino.Losses.PolicyLoss.sum": {
            "value": 0.7134888204932511,
            "min": 0.5328637085519193,
            "max": 0.7441552497526362,
            "count": 200
        },
        "Dino.Losses.ValueLoss.mean": {
            "value": 0.14610520550891615,
            "min": 0.07714368531613017,
            "max": 0.19166808416450254,
            "count": 200
        },
        "Dino.Losses.ValueLoss.sum": {
            "value": 0.7305260275445807,
            "min": 0.37226755902803954,
            "max": 0.9412767325993627,
            "count": 200
        },
        "Dino.Policy.LearningRate.mean": {
            "value": 8.311597229800036e-07,
            "min": 8.311597229800036e-07,
            "max": 0.00029917571277476255,
            "count": 200
        },
        "Dino.Policy.LearningRate.sum": {
            "value": 4.155798614900018e-06,
            "min": 4.155798614900018e-06,
            "max": 0.00148886835371055,
            "count": 200
        },
        "Dino.Policy.Epsilon.mean": {
            "value": 0.10027702000000001,
            "min": 0.10027702000000001,
            "max": 0.19972523750000004,