{
    "name": "root",
    "gauges": {
        "Dino.Policy.Entropy.mean": {
            "value": 1.6569576263427734,
            "min": 1.6449992656707764,
            "max": 2.104177951812744,
            "count": 200
        },
        "Dino.Policy.Entropy.sum": {
            "value": 16171.90625,
            "min": 16106.25,
            "max": 21925.533203125,
            "count": 200
        },
        "Dino.PerEpisode.GameplayTime.mean": {
            "value": 8.9598876953125,
            "min": 8.439600719624206,
            "max": 16.411007483637064,
            "count": 200
        },
        "Dino.PerEpisode.GameplayTime.sum": {
            "value": 7884.701171875,
            "min": 7719.24267578125,
            "max": 8313.54052734375,
            "count": 200
        },
        "Dino.Totals.Episodes.mean": {
            "value": 54075.0,
            "min": 327.0,
            "max": 54075.0,
            "count": 200
        },
        "Dino.Totals.Episodes.sum": {
            "value": 54075.0,
            "min": 327.0,
            "max": 54075.0,
            "count": 200
        },
        "Dino.Totals.Decisions.mean": {
            "value": 707920.0,
            "min": 3580.0,
            "max": 707920.0,
            "count": 200
        },
        "Dino.Totals.Decisions.sum": {
            "value": 707920.0,
            "min": 3580.0,
            "max": 707920.0,
            "count": 200
        },
        "Dino.Totals.GameplaySeconds.mean": {
            "value": 560863.3125,
            "min": 2713.108642578125,
            "max": 560863.3125,
            "count": 200
        },
        "Dino.Totals.GameplaySeconds.sum": {
            "value": 560863.3125,
            "min": 2713.108642578125,
            "max": 560863.3125,
            "count": 200
        },
        "Dino.Environment.LessonNumber.decision_period.mean": {
            "value": 0.0,
            "min": 0.0,
            "max": 0.0,
            "count": 200
        },
        "Dino.Environment.LessonNumber.decision_period.sum": {
            "value": 0.0,
            "min": 0.0,
            "max": 0.0,
            "count": 200
        },
        "Dino.Environment.LessonNumber.environments_per_unity_process.mean": {
            "value": 0.0,
            "min": 0.0,
            "max": 0.0,
            "count": 200
        },
        "Dino.Environment.LessonNumber.environments_per_unity_process.sum": {
            "value": 0.0,
            "min": 0.0,
            "max": 0.0,
            "count": 200
        },
        "Dino.Environment.LessonNumber.multi_scene.mean": {
            "value": 0.0,
            "min": 0.0,
            "max": 0.0,
            "count": 200
        },
        "Dino.Environment.LessonNumber.multi_scene.sum": {
            "value": 0.0,
            "min": 0.0,
            "max": 0.0,
            "count": 200
        },
        "Dino.Environment.EpisodeLength.mean": {
            "value": 10.199089874857792,
            "min": 10.153421633554084,
            "max": 19.525667351129364,
            "count": 200
        },
        "Dino.Environment.EpisodeLength.sum": {
            "value": 8965.0,
            "min": 8965.0,
            "max": 9735.0,
            "count": 200
        },
        "Dino.PerEpisode.Decisions.mean": {
            "value": 11.198863636363637,
            "min": 11.153421633554084,
            "max": 20.525667351129364,
            "count": 200
        },
        "Dino.PerEpisode.Decisions.sum": {
            "value": 9855.0,
            "min": 9652.0,
            "max": 10397.0,
            "count": 200
        },
        "Dino.PerEpisode.AttemptedJumps.mean": {
            "value": 4.271590909090909,
            "min": 4.231764705882353,
            "max": 9.036960985626283,
            "count": 200
        },
        "Dino.PerEpisode.AttemptedJumps.sum": {
            "value": 3759.0,
            "min": 3492.0,
            "max": 5548.0,
            "count": 200
        },
        "Dino.PerEpisode.ExecutedJumps.mean": {
            "value": 2.047727272727273,
            "min": 2.0298672566371683,
            "max": 4.078028747433265,
            "count": 200
        },
        "Dino.PerEpisode.ExecutedJumps.sum": {
            "value": 1802.0,
            "min": 1771.0,
            "max": 2676.0,
            "count": 200
        },
        "Dino.PerEpisode.InvalidJumps.mean": {
            "value": 2.223863636363636,
            "min": 2.135294117647059,
            "max": 4.958932238193018,
            "count": 200
        },
        "Dino.PerEpisode.InvalidJumps.sum": {
            "value": 1957.0,
            "min": 1646.0,
            "max": 2981.0,
            "count": 200
        },
        "Dino.Step.mean": {
            "value": 1999997.0,
            "min": 9990.0,
            "max": 1999997.0,
            "count": 200
        },
        "Dino.Step.sum": {
            "value": 1999997.0,
            "min": 9990.0,
            "max": 1999997.0,
            "count": 200
        },
        "Dino.Policy.ExtrinsicValueEstimate.mean": {
            "value": -0.4396347105503082,
            "min": -0.4396347105503082,
            "max": 1.702438473701477,
            "count": 200
        },
        "Dino.Policy.ExtrinsicValueEstimate.sum": {
            "value": -396.5505065917969,
            "min": -396.5505065917969,
            "max": 1069.13134765625,
            "count": 200
        },
        "Dino.Environment.CumulativeReward.mean": {
            "value": -0.09556686559249725,
            "min": -0.1104874138975462,
            "max": 2.446488801458778,
            "count": 200
        },
        "Dino.Environment.CumulativeReward.sum": {
            "value": -85.72347843647003,
            "min": -99.21769767999649,
            "max": 1191.4400463104248,
            "count": 200
        },
        "Dino.Policy.ExtrinsicReward.mean": {
            "value": -0.09556686559249725,
            "min": -0.1104874138975462,
            "max": 2.446488801458778,
            "count": 200
        },
        "Dino.Policy.ExtrinsicReward.sum": {
            "value": -85.72347843647003,
            "min": -99.21769767999649,
            "max": 1191.4400463104248,
            "count": 200
        },
        "Dino.PerEpisode.SuccessfulJumpOvers.mean": {
            "value": 0.0375,
            "min": 0.029801324503311258,
            "max": 1.8747433264887063,
            "count": 200
        },
        "Dino.PerEpisode.SuccessfulJumpOvers.sum": {
            "value": 33.0,
            "min": 27.0,
            "max": 913.0,
            "count": 200
        },
        "Dino.Losses.PolicyLoss.mean": {
            "value": 0.13590476294026677,
            "min": 0.13095353809397262,
            "max": 0.14849598770382821,
            "count": 200
        },
        "Dino.Losses.PolicyLoss.sum": {
            "value": 0.5436190517610671,
            "min": 0.5402771454575821,
            "max": 0.7406095504363736,
            "count": 200
        },
        "Dino.Losses.ValueLoss.mean": {
            "value": 0.08055346378563487,
            "min": 0.08055346378563487,
            "max": 2.618266491095225,
            "count": 200
        },
        "Dino.Losses.ValueLoss.sum": {
            "value": 0.3222138551425395,
            "min": 0.3222138551425395,
            "max": 13.091332455476126,
            "count": 200
        },
        "Dino.Policy.LearningRate.mean": {
            "value": 7.374247542249941e-07,
            "min": 7.374247542249941e-07,
            "max": 0.00029921865026045,
            "count": 200
        },
        "Dino.Policy.LearningRate.sum": {
            "value": 2.9496990168999765e-06,
            "min": 2.9496990168999765e-06,
            "max": 0.0014890884036372,
            "count": 200
        },
        "Dino.Policy.Epsilon.mean": {
            "value": 0.10024577500000001,
            "min": 0.10024577500000001,
            "max": 0.19973955,
            "count": 200
        },