{
    "name": "root",
    "gauges": {
        "Dino.Policy.Entropy.mean": {
            "value": 0.7163525819778442,
            "min": 0.7058184146881104,
            "max": 2.0957353115081787,
            "count": 53
        },
        "Dino.Policy.Entropy.sum": {
            "value": 7335.4501953125,
            "min": 6888.78759765625,
            "max": 21544.158203125,
            "count": 53
        },
        "Dino.PerEpisode.GameplayTime.mean": {
            "value": 268.3344385901163,
            "min": 8.480876776925914,
            "max": 294.3474853515625,
            "count": 53
        },
        "Dino.PerEpisode.GameplayTime.sum": {
            "value": 11538.380859375,
            "min": 9976.04052734375,
            "max": 14209.98046875,
            "count": 53
        },
        "Dino.Totals.Episodes.mean": {
            "value": 5192.0,
            "min": 493.0,
            "max": 5192.0,
            "count": 53
        },
        "Dino.Totals.Episodes.sum": {
            "value": 5192.0,
            "min": 493.0,
            "max": 5192.0,
            "count": 53
        },
        "Dino.Totals.Decisions.mean": {
            "value": 180400.0,
            "min": 3580.0,
            "max": 180400.0,
            "count": 53
        },
        "Dino.Totals.Decisions.sum": {
            "value": 180400.0,
            "min": 3580.0,
            "max": 180400.0,
            "count": 53
        },
        "Dino.Totals.GameplaySeconds.mean": {
            "value": 213723.21875,
            "min": 3992.995849609375,
            "max": 213723.21875,
            "count": 53
        },
        "Dino.Totals.GameplaySeconds.sum": {
            "value": 213723.21875,
            "min": 3992.995849609375,
            "max": 213723.21875,
            "count": 53
        },
        "Dino.Environment.LessonNumber.decision_period.mean": {
            "value": 0.0,
            "min": 0.0,
            "max": 0.0,
            "count": 53
        },
        "Dino.Environment.LessonNumber.decision_period.sum": {
            "value": 0.0,
            "min": 0.0,
            "max": 0.0,
            "count": 53
        },
        "Dino.Environment.LessonNumber.environments_per_unity_process.mean": {
            "value": 0.0,
            "min": 0.0,
            "max": 0.0,
            "count": 53
        },
        "Dino.Environment.LessonNumber.environments_per_unity_process.sum": {
            "value": 0.0,
            "min": 0.0,
            "max": 0.0,
            "count": 53
        },
        "Dino.Environment.LessonNumber.multi_scene.mean": {
            "value": 0.0,
            "min": 0.0,
            "max": 0.0,
            "count": 53
        },
        "Dino.Environment.LessonNumber.multi_scene.sum": {
            "value": 0.0,
            "min": 0.0,
            "max": 0.0,
            "count": 53
        },
        "Dino.Environment.EpisodeLength.mean": {
            "value": 222.6046511627907,
            "min": 6.403988183161005,
            "max": 244.3,
            "count": 53
        },
        "Dino.Environment.EpisodeLength.sum": {
            "value": 9572.0,
            "min": 8271.0,
            "max": 11788.0,
            "count": 53
        },
        "Dino.PerEpisode.Decisions.mean": {
            "value": 223.6046511627907,
            "min": 7.403988183161005,
            "max": 245.3,
            "count": 53
        },
        "Dino.PerEpisode.Decisions.sum": {
            "value": 9615.0,
            "min": 8314.0,
            "max": 11843.0,
            "count": 53
        },
        "Dino.PerEpisode.AttemptedJumps.mean": {
            "value": 91.06976744186046,
            "min": 3.655580192165558,
            "max": 101.17777777777778,
            "count": 53
        },
        "Dino.PerEpisode.AttemptedJumps.sum": {
            "value": 3916.0,
            "min": 3319.0,
            "max": 5678.0,
            "count": 53
        },
        "Dino.PerEpisode.InvalidJumps.mean": {
            "value": 23.72093023255814,
            "min": 1.2614068441064639,
            "max": 28.6,
            "count": 53
        },
        "Dino.PerEpisode.InvalidJumps.sum": {
            "value": 1020.0,
            "min": 845.0,
            "max": 2223.0,
            "count": 53
        },
        "Dino.PerEpisode.ExecutedJumps.mean": {
            "value": 67.34883720930233,
            "min": 2.3405857740585776,
            "max": 72.57777777777778,
            "count": 53
        },
        "Dino.PerEpisode.ExecutedJumps.sum": {
            "value": 2896.0,
            "min": 2372.0,
            "max": 3455.0,
            "count": 53
        },
        "Dino.Step.mean": {
            "value": 529995.0,
            "min": 9998.0,
            "max": 529995.0,
            "count": 53
        },
        "Dino.Step.sum": {
            "value": 529995.0,
            "min": 9998.0,
            "max": 529995.0,
            "count": 53
        },
        "Dino.Policy.ExtrinsicValueEstimate.mean": {
            "value": 37.289424896240234,
            "min": -0.21597403287887573,
            "max": 37.93467712402344,
            "count": 53
        },
        "Dino.Policy.ExtrinsicValueEstimate.sum": {
            "value": 15027.638671875,
            "min": -284.43780517578125,
            "max": 15325.609375,
            "count": 53
        },
        "Dino.Environment.CumulativeReward.mean": {
            "value": 87.24195033747975,
            "min": 0.0002088887161678738,
            "max": 96.18019349575043,
            "count": 53
        },
        "Dino.Environment.CumulativeReward.sum": {
            "value": 3576.91996383667,
            "min": 0.28199976682662964,
            "max": 4662.557615280151,
            "count": 53
        },
        "Dino.Policy.ExtrinsicReward.mean": {
            "value": 87.24195033747975,
            "min": 0.0002088887161678738,
            "max": 96.18019349575043,
            "count": 53
        },
        "Dino.Policy.ExtrinsicReward.sum": {
            "value": 3576.91996383667,
            "min": 0.28199976682662964,
            "max": 4662.557615280151,
            "count": 53
        },
        "Dino.PerEpisode.SuccessfulJumpOvers.mean": {
            "value": 61.116279069767444,
            "min": 0.23984962406015037,
            "max": 67.26666666666667,
            "count": 53
        },
        "Dino.PerEpisode.SuccessfulJumpOvers.sum": {
            "value": 2628.0,
            "min": 253.0,
            "max": 3273.0,
            "count": 53
        },
        "Dino.Losses.PolicyLoss.mean": {
            "value": 0.13368445217855313,
            "min": 0.10979252285914005,
            "max": 0.1476257763392132,
            "count": 53
        },
        "Dino.Losses.PolicyLoss.sum": {
            "value": 0.6684222608927656,
            "min": 0.46059922884345655,
            "max": 0.7381288816960659,
            "count": 53
        },
        "Dino.Losses.ValueLoss.mean": {
            "value": 9.063502035499685,
            "min": 0.32450897364962233,
            "max": 21.63701516016936,
            "count": 53
        },
        "Dino.Losses.ValueLoss.sum": {
            "value": 45.31751017749843,
            "min": 1.2980358945984893,
            "max": 108.18507580084679,
            "count": 53
        },
        "Dino.Policy.LearningRate.mean": {
            "value": 0.00022114196628602,
            "min": 0.00022114196628602,
            "max": 0.00029922536275821243,
            "count": 53
        },
        "Dino.Policy.LearningRate.sum": {
            "value": 0.0011057098314301,
            "min": 0.0009090120969959998,
            "max": 0.0014891055036315,
            "count": 53
        },
        "Dino.Policy.Epsilon.mean": {
            "value": 0.17371398,
            "min": 0.17371398,
            "max": 0.1997417875,
            "count": 53
        },
        "Dino.Policy.Epsilon.sum": {
            "value": 0.8685698999999999,