{
    "name": "root",
    "gauges": {
        "Dino.Policy.Entropy.mean": {
            "value": 0.04596821963787079,
            "min": 0.0409841351211071,
            "max": 2.09540057182312,
            "count": 200
        },
        "Dino.Policy.Entropy.sum": {
            "value": 474.39202880859375,
            "min": 413.1200866699219,
            "max": 21456.90234375,
            "count": 200
        },
        "Dino.PerEpisode.GameplayTime.mean": {
            "value": 291.4622395833333,
            "min": 8.497638034060834,
            "max": 300.00006403688525,
            "count": 200
        },
        "Dino.PerEpisode.GameplayTime.sum": {
            "value": 18362.12109375,
            "min": 15587.69970703125,
            "max": 19614.16796875,
            "count": 200
        },
        "Dino.Totals.Episodes.mean": {
            "value": 9144.0,
            "min": 732.0,
            "max": 9144.0,
            "count": 200
        },
        "Dino.Totals.Episodes.sum": {
            "value": 9144.0,
            "min": 732.0,
            "max": 9144.0,
            "count": 200
        },
        "Dino.Totals.Decisions.mean": {
            "value": 674040.0,
            "min": 3460.0,
            "max": 674040.0,
            "count": 200
        },
        "Dino.Totals.Decisions.sum": {
            "value": 674040.0,
            "min": 3460.0,
            "max": 674040.0,
            "count": 200
        },
        "Dino.Totals.GameplaySeconds.mean": {
            "value": 1206191.25,
            "min": 5563.58935546875,
            "max": 1206191.25,
            "count": 200
        },
        "Dino.Totals.GameplaySeconds.sum": {
            "value": 1206191.25,
            "min": 5563.58935546875,
            "max": 1206191.25,
            "count": 200
        },
        "Dino.Environment.LessonNumber.decision_period.mean": {
            "value": 0.0,
            "min": 0.0,
            "max": 0.0,
            "count": 200
        },
        "Dino.Environment.LessonNumber.decision_period.sum": {
            "value": 0.0,
            "min": 0.0,
            "max": 0.0,
            "count": 200
        },
        "Dino.Environment.LessonNumber.environments_per_unity_process.mean": {
            "value": 0.0,
            "min": 0.0,
            "max": 0.0,
            "count": 200
        },
        "Dino.Environment.LessonNumber.environments_per_unity_process.sum": {
            "value": 0.0,
            "min": 0.0,
            "max": 0.0,
            "count": 200
        },
        "Dino.Environment.LessonNumber.multi_scene.mean": {
            "value": 0.0,
            "min": 0.0,
            "max": 0.0,
            "count": 200
        },
        "Dino.Environment.LessonNumber.multi_scene.sum": {
            "value": 0.0,
            "min": 0.0,
            "max": 0.0,
            "count": 200
        },
        "Dino.Environment.EpisodeLength.mean": {
            "value": 160.95238095238096,
            "min": 3.8698167791706846,
            "max": 165.74576271186442,
            "count": 200
        },
        "Dino.Environment.EpisodeLength.sum": {
            "value": 10140.0,
            "min": 8026.0,
            "max": 10744.0,
            "count": 200
        },
        "Dino.PerEpisode.Decisions.mean": {
            "value": 161.95238095238096,
            "min": 4.869816779170685,
            "max": 166.74576271186442,
            "count": 200
        },
        "Dino.PerEpisode.Decisions.sum": {
            "value": 10203.0,
            "min": 8653.0,
            "max": 10899.0,
            "count": 200
        },
        "Dino.PerEpisode.AttemptedJumps.mean": {
            "value": 107.63492063492063,
            "min": 2.292544109277177,
            "max": 112.46666666666667,
            "count": 200
        },
        "Dino.PerEpisode.AttemptedJumps.sum": {
            "value": 6781.0,
            "min": 3875.0,
            "max": 6981.0,
            "count": 200
        },
        "Dino.PerEpisode.InvalidJumps.mean": {
            "value": 26.73015873015873,
            "min": 0.44875,
            "max": 31.366666666666667,
            "count": 200
        },
        "Dino.PerEpisode.InvalidJumps.sum": {
            "value": 1684.0,
            "min": 718.0,
            "max": 1929.0,
            "count": 200
        },
        "Dino.PerEpisode.ExecutedJumps.mean": {
            "value": 80.9047619047619,
            "min": 1.7228392081120232,
            "max": 83.45,
            "count": 200
        },
        "Dino.PerEpisode.ExecutedJumps.sum": {
            "value": 5097.0,
            "min": 3157.0,
            "max": 5100.0,
            "count": 200
        },
        "Dino.Step.mean": {
            "value": 1999975.0,
            "min": 9995.0,
            "max": 1999975.0,
            "count": 200
        },
        "Dino.Step.sum": {
            "value": 1999975.0,
            "min": 9995.0,
            "max": 1999975.0,
            "count": 200
        },
        "Dino.Policy.ExtrinsicValueEstimate.mean": {
            "value": 58.404842376708984,
            "min": -0.27547335624694824,
            "max": 59.650081634521484,
            "count": 200
        },
        "Dino.Policy.ExtrinsicValueEstimate.sum": {
            "value": 24530.033203125,
            "min": -565.822265625,
            "max": 25112.68359375,
            "count": 200
        },
        "Dino.Environment.CumulativeReward.mean": {
            "value": 95.98184453463945,
            "min": -0.05195721013230265,
            "max": 99.12712310532392,
            "count": 200
        },
        "Dino.Environment.CumulativeReward.sum": {
            "value": 5854.892516613007,
            "min": -106.72010961174965,
            "max": 6258.979908585548,
            "count": 200
        },
        "Dino.Policy.ExtrinsicReward.mean": {
            "value": 95.98184453463945,
            "min": -0.05195721013230265,
            "max": 99.12712310532392,
            "count": 200
        },
        "Dino.Policy.ExtrinsicReward.sum": {
            "value": 5854.892516613007,
            "min": -106.72010961174965,
            "max": 6258.979908585548,
            "count": 200
        },
        "Dino.PerEpisode.SuccessfulJumpOvers.mean": {
            "value": 66.58730158730158,
            "min": 0.22418136020151133,
            "max": 69.55172413793103,
            "count": 200
        },
        "Dino.PerEpisode.SuccessfulJumpOvers.sum": {
            "value": 4195.0,
            "min": 356.0,
            "max": 4487.0,
            "count": 200
        },
        "Dino.Losses.PolicyLoss.mean": {
            "value": 0.13948575121216983,
            "min": 0.11073664150873903,
            "max": 0.16070244702247855,
            "count": 200
        },
        "Dino.Losses.PolicyLoss.sum": {
            "value": 0.6974287560608492,
            "min": 0.4453255465826563,
            "max": 0.8035122351123928,
            "count": 200
        },
        "Dino.Losses.ValueLoss.mean": {
            "value": 5.2135078102739625,
            "min": 0.2161190400628873,
            "max": 147.60113504215036,
            "count": 200
        },
        "Dino.Losses.ValueLoss.sum": {
            "value": 26.067539051369813,
            "min": 0.8644761602515492,
            "max": 590.4045401686014,
            "count": 200
        },
        "Dino.Policy.LearningRate.mean": {
            "value": 6.707197764599996e-07,
            "min": 6.707197764599996e-07,
            "max": 0.0002992068002644,
            "count": 200
        },
        "Dino.Policy.LearningRate.sum": {
            "value": 3.353598882299998e-06,
            "min": 3.353598882299998e-06,
            "max": 0.0014889691536769498,
            "count": 200
        },
        "Dino.Policy.Epsilon.mean": {
            "value": 0.10022354,
            "min": 0.10022354,
            "max": 0.1997356,
            "count": 200
        },