{
    "name": "root",
    "gauges": {
        "Dino.Policy.Entropy.mean": {
            "value": 1.4982775449752808,
            "min": 1.4977343082427979,
            "max": 2.0972466468811035,
            "count": 200
        },
        "Dino.Policy.Entropy.sum": {
            "value": 15072.671875,
            "min": 14736.248046875,
            "max": 21853.310546875,
            "count": 200
        },
        "Dino.PerEpisode.GameplayTime.mean": {
            "value": 9.710797491039427,
            "min": 8.435928101278055,
            "max": 13.325601543193986,
            "count": 200
        },
        "Dino.PerEpisode.GameplayTime.sum": {
            "value": 8127.9375,
            "min": 7687.979736328125,
            "max": 8249.841796875,
            "count": 200
        },
        "Dino.Totals.Episodes.mean": {
            "value": 51081.0,
            "min": 319.0,
            "max": 51081.0,
            "count": 200
        },
        "Dino.Totals.Episodes.sum": {
            "value": 51081.0,
            "min": 319.0,
            "max": 51081.0,
            "count": 200
        },
        "Dino.Totals.Decisions.mean": {
            "value": 699740.0,
            "min": 3580.0,
            "max": 699740.0,
            "count": 200
        },
        "Dino.Totals.Decisions.sum": {
            "value": 699740.0,
            "min": 3580.0,
            "max": 699740.0,
            "count": 200
        },
        "Dino.Totals.GameplaySeconds.mean": {
            "value": 553790.9375,
            "min": 2724.349365234375,
            "max": 553790.9375,
            "count": 200
        },
        "Dino.Totals.GameplaySeconds.sum": {
            "value": 553790.9375,
            "min": 2724.349365234375,
            "max": 553790.9375,
            "count": 200
        },
        "Dino.Environment.LessonNumber.decision_period.mean": {
            "value": 0.0,
            "min": 0.0,
            "max": 0.0,
            "count": 200
        },
        "Dino.Environment.LessonNumber.decision_period.sum": {
            "value": 0.0,
            "min": 0.0,
            "max": 0.0,
            "count": 200
        },
        "Dino.Environment.LessonNumber.environments_per_unity_process.mean": {
            "value": 0.0,
            "min": 0.0,
            "max": 0.0,
            "count": 200
        },
        "Dino.Environment.LessonNumber.environments_per_unity_process.sum": {
            "value": 0.0,
            "min": 0.0,
            "max": 0.0,
            "count": 200
        },
        "Dino.Environment.LessonNumber.multi_scene.mean": {
            "value": 0.0,
            "min": 0.0,
            "max": 0.0,
            "count": 200
        },
        "Dino.Environment.LessonNumber.multi_scene.sum": {
            "value": 0.0,
            "min": 0.0,
            "max": 0.0,
            "count": 200
        },
        "Dino.Environment.EpisodeLength.mean": {
            "value": 11.137395459976105,
            "min": 10.287162162162161,
            "max": 15.658978583196046,
            "count": 200
        },
        "Dino.Environment.EpisodeLength.sum": {
            "value": 9322.0,
            "min": 8936.0,
            "max": 9617.0,
            "count": 200
        },
        "Dino.PerEpisode.Decisions.mean": {
            "value": 12.137395459976105,
            "min": 11.287162162162161,
            "max": 16.658978583196046,
            "count": 200
        },
        "Dino.PerEpisode.Decisions.sum": {
            "value": 10159.0,
            "min": 9607.0,
            "max": 10312.0,
            "count": 200
        },
        "Dino.PerEpisode.AttemptedJumps.mean": {
            "value": 4.3560334528076465,
            "min": 4.2105263157894735,
            "max": 7.385502471169687,
            "count": 200
        },
        "Dino.PerEpisode.AttemptedJumps.sum": {
            "value": 3646.0,
            "min": 3403.0,
            "max": 5151.0,
            "count": 200
        },
        "Dino.PerEpisode.ExecutedJumps.mean": {
            "value": 3.162485065710872,
            "min": 2.733955659276546,
            "max": 4.393739703459637,
            "count": 200
        },
        "Dino.PerEpisode.ExecutedJumps.sum": {
            "value": 2647.0,
            "min": 2343.0,
            "max": 2776.0,
            "count": 200
        },
        "Dino.PerEpisode.InvalidJumps.mean": {
            "value": 1.1935483870967742,
            "min": 1.1543062200956937,
            "max": 3.0885478158205433,
            "count": 200
        },
        "Dino.PerEpisode.InvalidJumps.sum": {
            "value": 999.0,
            "min": 965.0,
            "max": 2681.0,
            "count": 200
        },
        "Dino.Step.mean": {
            "value": 1999997.0,
            "min": 9996.0,
            "max": 1999997.0,
            "count": 200
        },
        "Dino.Step.sum": {
            "value": 1999997.0,
            "min": 9996.0,
            "max": 1999997.0,
            "count": 200
        },
        "Dino.Policy.ExtrinsicValueEstimate.mean": {
            "value": -0.16479314863681793,
            "min": -0.24983197450637817,
            "max": 0.8064752221107483,
            "count": 200
        },
        "Dino.Policy.ExtrinsicValueEstimate.sum": {
            "value": -141.88690185546875,
            "min": -221.35113525390625,
            "max": 578.8756103515625,
            "count": 200
        },
        "Dino.Environment.CumulativeReward.mean": {
            "value": 0.16936302351430782,
            "min": 0.04355378572155098,
            "max": 1.4164605478347816,
            "count": 200
        },
        "Dino.Environment.CumulativeReward.sum": {
            "value": 139.55513137578964,
            "min": 38.45799279212952,
            "max": 862.624473631382,
            "count": 200
        },
        "Dino.Policy.ExtrinsicReward.mean": {
            "value": 0.16936302351430782,
            "min": 0.04355378572155098,
            "max": 1.4164605478347816,
            "count": 200
        },
        "Dino.Policy.ExtrinsicReward.sum": {
            "value": 139.55513137578964,
            "min": 38.45799279212952,
            "max": 862.624473631382,
            "count": 200
        },
        "Dino.PerEpisode.SuccessfulJumpOvers.mean": {
            "value": 0.21983273596176822,
            "min": 0.180622009569378,
            "max": 1.1252059308072488,
            "count": 200
        },
        "Dino.PerEpisode.SuccessfulJumpOvers.sum": {
            "value": 184.0,
            "min": 151.0,
            "max": 683.0,
            "count": 200
        },
        "Dino.Losses.PolicyLoss.mean": {
            "value": 0.14128711746524633,
            "min": 0.1288666210397003,
            "max": 0.15281294102411874,
            "count": 200
        },
        "Dino.Losses.PolicyLoss.sum": {
            "value": 0.7064355873262317,
            "min": 0.5241453235009267,
            "max": 0.7412577903147485,
            "count": 200
        },
        "Dino.Losses.ValueLoss.mean": {
            "value": 0.6139880513511317,
            "min": 0.31457422682974423,
            "max": 1.8558078173318733,
            "count": 200
        },
        "Dino.Losses.ValueLoss.sum": {
            "value": 3.0699402567556584,
            "min": 1.258296907318977,
            "max": 9.279039086659367,
            "count": 200
        },
        "Dino.Policy.LearningRate.mean": {
            "value": 6.352297882900015e-07,
            "min": 6.352297882900015e-07,
            "max": 0.0002992222127592625,
            "count": 200
        },
        "Dino.Policy.LearningRate.sum": {
            "value": 3.1761489414500074e-06,
            "min": 3.1761489414500074e-06,
            "max": 0.00148912665362445,
            "count": 200
        },
        "Dino.Policy.Epsilon.mean": {
            "value": 0.10021171000000002,
            "min": 0.10021171000000002,
            "max": 0.19974073750000002,