{
    "name": "root",
    "gauges": {
        "Dino.Policy.Entropy.mean": {
            "value": 0.5231444835662842,
            "min": 0.5211538076400757,
            "max": 2.1332461833953857,
            "count": 200
        },
        "Dino.Policy.Entropy.sum": {
            "value": 5273.29638671875,
            "min": 4969.890625,
            "max": 21855.794921875,
            "count": 200
        },
        "Dino.PerEpisode.GameplayTime.mean": {
            "value": 294.35227272727275,
            "min": 8.52147665003684,
            "max": 300.0001331676136,
            "count": 200
        },
        "Dino.PerEpisode.GameplayTime.sum": {
            "value": 12951.5,
            "min": 9095.19921875,
            "max": 16348.376953125,
            "count": 200
        },
        "Dino.Totals.Episodes.mean": {
            "value": 10875.0,
            "min": 495.0,
            "max": 10875.0,
            "count": 200
        },
        "Dino.Totals.Episodes.sum": {
            "value": 10875.0,
            "min": 495.0,
            "max": 10875.0,
            "count": 200
        },
        "Dino.Totals.Decisions.mean": {
            "value": 678740.0,
            "min": 3600.0,
            "max": 678740.0,
            "count": 200
        },
        "Dino.Totals.Decisions.sum": {
            "value": 678740.0,
            "min": 3600.0,
            "max": 678740.0,
            "count": 200
        },
        "Dino.Totals.GameplaySeconds.mean": {
            "value": 802861.125,
            "min": 3996.01416015625,
            "max": 802861.125,
            "count": 200
        },
        "Dino.Totals.GameplaySeconds.sum": {
            "value": 802861.125,
            "min": 3996.01416015625,
            "max": 802861.125,
            "count": 200
        },
        "Dino.Environment.LessonNumber.decision_period.mean": {
            "value": 0.0,
            "min": 0.0,
            "max": 0.0,
            "count": 200
        },
        "Dino.Environment.LessonNumber.decision_period.sum": {
            "value": 0.0,
            "min": 0.0,
            "max": 0.0,
            "count": 200
        },
        "Dino.Environment.LessonNumber.environments_per_unity_process.mean": {
            "value": 0.0,
            "min": 0.0,
            "max": 0.0,
            "count": 200
        },
        "Dino.Environment.LessonNumber.environments_per_unity_process.sum": {
            "value": 0.0,
            "min": 0.0,
            "max": 0.0,
            "count": 200
        },
        "Dino.Environment.LessonNumber.multi_scene.mean": {
            "value": 0.0,
            "min": 0.0,
            "max": 0.0,
            "count": 200
        },
        "Dino.Environment.LessonNumber.multi_scene.sum": {
            "value": 0.0,
            "min": 0.0,
            "max": 0.0,
            "count": 200
        },
        "Dino.Environment.EpisodeLength.mean": {
            "value": 244.29545454545453,
            "min": 6.436123348017621,
            "max": 249.0,
            "count": 200
        },
        "Dino.Environment.EpisodeLength.sum": {
            "value": 10749.0,
            "min": 7547.0,
            "max": 13483.0,
            "count": 200
        },
        "Dino.PerEpisode.Decisions.mean": {
            "value": 245.29545454545453,
            "min": 7.436123348017621,
            "max": 250.0,
            "count": 200
        },
        "Dino.PerEpisode.Decisions.sum": {
            "value": 10793.0,
            "min": 7580.0,
            "max": 13607.0,
            "count": 200
        },
        "Dino.PerEpisode.AttemptedJumps.mean": {
            "value": 111.45454545454545,
            "min": 3.2075134168157424,
            "max": 119.24324324324324,
            "count": 200
        },
        "Dino.PerEpisode.AttemptedJumps.sum": {
            "value": 4904.0,
            "min": 3011.0,
            "max": 6010.0,
            "count": 200
        },
        "Dino.PerEpisode.ExecutedJumps.mean": {
            "value": 82.4090909090909,
            "min": 2.240608228980322,
            "max": 84.57894736842105,
            "count": 200
        },
        "Dino.PerEpisode.ExecutedJumps.sum": {
            "value": 3626.0,
            "min": 2125.0,
            "max": 3868.0,
            "count": 200
        },
        "Dino.PerEpisode.InvalidJumps.mean": {
            "value": 29.045454545454547,
            "min": 0.9410589410589411,
            "max": 45.22222222222222,
            "count": 200
        },
        "Dino.PerEpisode.InvalidJumps.sum": {
            "value": 1278.0,
            "min": 668.0,
            "max": 2174.0,
            "count": 200
        },
        "Dino.Step.mean": {
            "value": 1999997.0,
            "min": 9994.0,
            "max": 1999997.0,
            "count": 200
        },
        "Dino.Step.sum": {
            "value": 1999997.0,
            "min": 9994.0,
            "max": 1999997.0,
            "count": 200
        },
        "Dino.Policy.ExtrinsicValueEstimate.mean": {
            "value": 39.64078903198242,
            "min": -0.21540524065494537,
            "max": 39.93708038330078,
            "count": 200
        },
        "Dino.Policy.ExtrinsicValueEstimate.sum": {
            "value": 15895.95703125,
            "min": -289.504638671875,
            "max": 15982.5859375,
            "count": 200
        },
        "Dino.Environment.CumulativeReward.mean": {
            "value": 96.7841052683917,
            "min": 0.007294605818710157,
            "max": 99.21221790994916,
            "count": 200
        },
        "Dino.Environment.CumulativeReward.sum": {
            "value": 4258.500631809235,
            "min": 9.80395022034645,
            "max": 5121.259748697281,
            "count": 200
        },
        "Dino.Policy.ExtrinsicReward.mean": {
            "value": 96.7841052683917,
            "min": 0.007294605818710157,
            "max": 99.21221790994916,
            "count": 200
        },
        "Dino.Policy.ExtrinsicReward.sum": {
            "value": 4258.500631809235,
            "min": 9.80395022034645,
            "max": 5121.259748697281,
            "count": 200
        },
        "Dino.PerEpisode.SuccessfulJumpOvers.mean": {
            "value": 67.75,
            "min": 0.23754789272030652,
            "max": 69.33333333333333,
            "count": 200
        },
        "Dino.PerEpisode.SuccessfulJumpOvers.sum": {
            "value": 2981.0,
            "min": 263.0,
            "max": 3619.0,
            "count": 200
        },
        "Dino.Losses.PolicyLoss.mean": {
            "value": 0.1287446057085151,
            "min": 0.10249559512854037,
            "max": 0.1997166312008929,
            "count": 200
        },
        "Dino.Losses.PolicyLoss.sum": {
            "value": 0.6437230285425755,
            "min": 0.40998238051416147,
            "max": 0.9985831560044645,
            "count": 200
        },
        "Dino.Losses.ValueLoss.mean": {
            "value": 1.3879452531036134,
            "min": 0.1356179580858831,
            "max": 56.17075419381655,
            "count": 200
        },
        "Dino.Losses.ValueLoss.sum": {
            "value": 6.9397262655180665,
            "min": 0.5424718323435324,
            "max": 280.85377096908275,
            "count": 200
        },
        "Dino.Policy.LearningRate.mean": {
            "value": 6.259597913799981e-07,
            "min": 6.259597913799981e-07,
            "max": 0.0002992192877602375,
            "count": 200
        },
        "Dino.Policy.LearningRate.sum": {
            "value": 3.1297989568999904e-06,
            "min": 3.1297989568999904e-06,
            "max": 0.00148902855365715,
            "count": 200
        },
        "Dino.Policy.Epsilon.mean": {
            "value": 0.10020862,
            "min": 0.10020862,
            "max": 0.19973976250000003,
            "count": 200
        },
        "Dino.Policy.Epsilon.sum": {
            "value": 0.5010431,