{
    "name": "root",
    "gauges": {
        "Dino.Policy.Entropy.mean": {
            "value": 0.8102633357048035,
            "min": 0.7771818041801453,
            "max": 2.08786678314209,
            "count": 89
        },
        "Dino.Policy.Entropy.sum": {
            "value": 8232.275390625,
            "min": 7622.6982421875,
            "max": 21463.26953125,
            "count": 89
        },
        "Dino.PerEpisode.GameplayTime.mean": {
            "value": 271.17280148237177,
            "min": 8.78348879373021,
            "max": 282.14352596507354,
            "count": 89
        },
        "Dino.PerEpisode.GameplayTime.sum": {
            "value": 10575.7392578125,
            "min": 5571.322265625,
            "max": 11728.6005859375,
            "count": 89
        },
        "Dino.Totals.Episodes.mean": {
            "value": 17049.0,
            "min": 402.0,
            "max": 17049.0,
            "count": 89
        },
        "Dino.Totals.Episodes.sum": {
            "value": 17049.0,
            "min": 402.0,
            "max": 17049.0,
            "count": 89
        },
        "Dino.Totals.Decisions.mean": {
            "value": 304800.0,
            "min": 3640.0,
            "max": 304800.0,
            "count": 89
        },
        "Dino.Totals.Decisions.sum": {
            "value": 304800.0,
            "min": 3640.0,
            "max": 304800.0,
            "count": 89
        },
        "Dino.Totals.GameplaySeconds.mean": {
            "value": 294553.4375,
            "min": 3460.25927734375,
            "max": 294553.4375,
            "count": 89
        },
        "Dino.Totals.GameplaySeconds.sum": {
            "value": 294553.4375,
            "min": 3460.25927734375,
            "max": 294553.4375,
            "count": 89
        },
        "Dino.Environment.LessonNumber.decision_period.mean": {
            "value": 0.0,
            "min": 0.0,
            "max": 0.0,
            "count": 89
        },
        "Dino.Environment.LessonNumber.decision_period.sum": {
            "value": 0.0,
            "min": 0.0,
            "max": 0.0,
            "count": 89
        },
        "Dino.Environment.LessonNumber.environments_per_unity_process.mean": {
            "value": 0.0,
            "min": 0.0,
            "max": 0.0,
            "count": 89
        },
        "Dino.Environment.LessonNumber.environments_per_unity_process.sum": {
            "value": 0.0,
            "min": 0.0,
            "max": 0.0,
            "count": 89
        },
        "Dino.Environment.LessonNumber.multi_scene.mean": {
            "value": 0.0,
            "min": 0.0,
            "max": 0.0,
            "count": 89
        },
        "Dino.Environment.LessonNumber.multi_scene.sum": {
            "value": 0.0,
            "min": 0.0,
            "max": 0.0,
            "count": 89
        },
        "Dino.Environment.EpisodeLength.mean": {
            "value": 270.15384615384613,
            "min": 8.306976744186047,
            "max": 281.1470588235294,
            "count": 89
        },
        "Dino.Environment.EpisodeLength.sum": {
            "value": 10536.0,
            "min": 5508.0,
            "max": 11683.0,
            "count": 89
        },
        "Dino.PerEpisode.Decisions.mean": {
            "value": 271.15384615384613,
            "min": 9.306976744186047,
            "max": 282.1470588235294,
            "count": 89
        },
        "Dino.PerEpisode.Decisions.sum": {
            "value": 10575.0,
            "min": 5572.0,
            "max": 11728.0,
            "count": 89
        },
        "Dino.PerEpisode.AttemptedJumps.mean": {
            "value": 84.7948717948718,
            "min": 4.743255813953488,
            "max": 94.55882352941177,
            "count": 89
        },
        "Dino.PerEpisode.AttemptedJumps.sum": {
            "value": 3307.0,
            "min": 2076.0,
            "max": 5697.0,
            "count": 89
        },
        "Dino.PerEpisode.ExecutedJumps.mean": {
            "value": 78.25641025641026,
            "min": 2.6827906976744185,
            "max": 85.61764705882354,
            "count": 89
        },
        "Dino.PerEpisode.ExecutedJumps.sum": {
            "value": 3052.0,
            "min": 1823.0,
            "max": 3633.0,
            "count": 89
        },
        "Dino.PerEpisode.InvalidJumps.mean": {
            "value": 6.538461538461538,
            "min": 0.6797752808988764,
            "max": 9.333333333333334,
            "count": 89
        },
        "Dino.PerEpisode.InvalidJumps.sum": {
            "value": 255.0,
            "min": 204.0,
            "max": 2316.0,
            "count": 89
        },
        "Dino.Step.mean": {
            "value": 889983.0,
            "min": 9997.0,
            "max": 889983.0,
            "count": 89
        },
        "Dino.Step.sum": {
            "value": 889983.0,
            "min": 9997.0,
            "max": 889983.0,
            "count": 89
        },
        "Dino.Policy.ExtrinsicValueEstimate.mean": {
            "value": 29.700658798217773,
            "min": -0.13162539899349213,
            "max": 29.700658798217773,
            "count": 89
        },
        "Dino.Policy.ExtrinsicValueEstimate.sum": {
            "value": 11999.06640625,
            "min": -141.49729919433594,
            "max": 11999.06640625,
            "count": 89
        },
        "Dino.Environment.CumulativeReward.mean": {
            "value": 88.66820580837054,
            "min": 0.14799645507024875,
            "max": 92.75511244114708,
            "count": 89
        },
        "Dino.Environment.CumulativeReward.sum": {
            "value": 3458.060026526451,
            "min": 158.94819274544716,
            "max": 3828.38635340333,
            "count": 89
        },
        "Dino.Policy.ExtrinsicReward.mean": {
            "value": 88.66820580837054,
            "min": 0.14799645507024875,
            "max": 92.75511244114708,
            "count": 89
        },
        "Dino.Policy.ExtrinsicReward.sum": {
            "value": 3458.060026526451,
            "min": 158.94819274544716,
            "max": 3828.38635340333,
            "count": 89
        },
        "Dino.PerEpisode.SuccessfulJumpOvers.mean": {
            "value": 61.84615384615385,
            "min": 0.3671497584541063,
            "max": 64.91176470588235,
            "count": 89
        },
        "Dino.PerEpisode.SuccessfulJumpOvers.sum": {
            "value": 2412.0,
            "min": 304.0,
            "max": 2673.0,
            "count": 89
        },
        "Dino.Losses.PolicyLoss.mean": {
            "value": 0.1340799012288717,
            "min": 0.13002012465655122,
            "max": 0.1486997901478436,
            "count": 89
        },
        "Dino.Losses.PolicyLoss.sum": {
            "value": 0.6703995061443585,
            "min": 0.5221809221959959,
            "max": 0.7430669121483029,
            "count": 89
        },
        "Dino.Losses.ValueLoss.mean": {
            "value": 4.344380471062836,
            "min": 0.4124091202535576,
            "max": 7.873559944066244,
            "count": 89
        },
        "Dino.Losses.ValueLoss.sum": {
            "value": 21.72190235531418,
            "min": 1.6496364810142303,
            "max": 39.36779972033122,
            "count": 89
        },
        "Dino.Policy.LearningRate.mean": {
            "value": 0.00016737220420927996,
            "min": 0.00016737220420927996,
            "max": 0.00029920440026519996,
            "count": 89
        },
        "Dino.Policy.LearningRate.sum": {
            "value": 0.0008368610210463998,
            "min": 0.0006751122249626499,
            "max": 0.0014890192536602498,
            "count": 89
        },
        "Dino.Policy.Epsilon.mean": {
            "value": 0.15579072,
            "min": 0.15579072,
            "max": 0.1997348,
            "count": 89
        },
        "Dino.Policy.Epsilon.sum": {
            "value": 0.7789535999999999,