{
    "name": "root",
    "gauges": {
        "Dino.Policy.Entropy.mean": {
            "value": 1.7441177368164062,
            "min": 1.67457914352417,
            "max": 2.101196050643921,
            "count": 200
        },
        "Dino.Policy.Entropy.sum": {
            "value": 17824.8828125,
            "min": 16410.58984375,
            "max": 22356.7265625,
            "count": 200
        },
        "Dino.PerEpisode.GameplayTime.mean": {
            "value": 19.075670030381943,
            "min": 7.843172546371399,
            "max": 21.37460472470238,
            "count": 200
        },
        "Dino.PerEpisode.GameplayTime.sum": {
            "value": 4120.3447265625,
            "min": 3594.900390625,
            "max": 4353.376953125,
            "count": 200
        },
        "Dino.Totals.Episodes.mean": {
            "value": 16297.0,
            "min": 182.0,
            "max": 16297.0,
            "count": 200
        },
        "Dino.Totals.Episodes.sum": {
            "value": 16297.0,
            "min": 182.0,
            "max": 16297.0,
            "count": 200
        },
        "Dino.Totals.Decisions.mean": {
            "value": 718400.0,
            "min": 3900.0,
            "max": 718400.0,
            "count": 200
        },
        "Dino.Totals.Decisions.sum": {
            "value": 718400.0,
            "min": 3900.0,
            "max": 718400.0,
            "count": 200
        },
        "Dino.Totals.GameplaySeconds.mean": {
            "value": 286919.03125,
            "min": 1514.1947021484375,
            "max": 286919.03125,
            "count": 200
        },
        "Dino.Totals.GameplaySeconds.sum": {
            "value": 286919.03125,
            "min": 1514.1947021484375,
            "max": 286919.03125,
            "count": 200
        },
        "Dino.Environment.LessonNumber.decision_period.mean": {
            "value": 0.0,
            "min": 0.0,
            "max": 0.0,
            "count": 200
        },
        "Dino.Environment.LessonNumber.decision_period.sum": {
            "value": 0.0,
            "min": 0.0,
            "max": 0.0,
            "count": 200
        },
        "Dino.Environment.LessonNumber.environments_per_unity_process.mean": {
            "value": 0.0,
            "min": 0.0,
            "max": 0.0,
            "count": 200
        },
        "Dino.Environment.LessonNumber.environments_per_unity_process.sum": {
            "value": 0.0,
            "min": 0.0,
            "max": 0.0,
            "count": 200
        },
        "Dino.Environment.LessonNumber.multi_scene.mean": {
            "value": 0.0,
            "min": 0.0,
            "max": 0.0,
            "count": 200
        },
        "Dino.Environment.LessonNumber.multi_scene.sum": {
            "value": 0.0,
            "min": 0.0,
            "max": 0.0,
            "count": 200
        },
        "Dino.Environment.EpisodeLength.mean": {
            "value": 46.68518518518518,
            "min": 21.358447488584474,
            "max": 52.44444444444444,
            "count": 200
        },
        "Dino.Environment.EpisodeLength.sum": {
            "value": 10084.0,
            "min": 8784.0,
            "max": 10671.0,
            "count": 200
        },
        "Dino.PerEpisode.Decisions.mean": {
            "value": 47.68518518518518,
            "min": 22.358447488584474,
            "max": 53.44444444444444,
            "count": 200
        },
        "Dino.PerEpisode.Decisions.sum": {
            "value": 10300.0,
            "min": 8985.0,
            "max": 10886.0,
            "count": 200
        },
        "Dino.PerEpisode.AttemptedJumps.mean": {
            "value": 12.231481481481481,
            "min": 7.749397590361446,
            "max": 18.696517412935325,
            "count": 200
        },
        "Dino.PerEpisode.AttemptedJumps.sum": {
            "value": 2642.0,
            "min": 2423.0,
            "max": 4372.0,
            "count": 200
        },
        "Dino.PerEpisode.InvalidJumps.mean": {
            "value": 5.958333333333333,
            "min": 4.7542168674698795,
            "max": 11.805970149253731,
            "count": 200
        },
        "Dino.PerEpisode.InvalidJumps.sum": {
            "value": 1287.0,
            "min": 1188.0,
            "max": 3030.0,
            "count": 200
        },
        "Dino.PerEpisode.ExecutedJumps.mean": {
            "value": 6.273148148148148,
            "min": 2.8847117794486214,
            "max": 7.761904761904762,
            "count": 200
        },
        "Dino.PerEpisode.ExecutedJumps.sum": {
            "value": 1355.0,
            "min": 1137.0,
            "max": 1480.0,
            "count": 200
        },
        "Dino.Step.mean": {
            "value": 1999984.0,
            "min": 9998.0,
            "max": 1999984.0,
            "count": 200
        },
        "Dino.Step.sum": {
            "value": 1999984.0,
            "min": 9998.0,
            "max": 1999984.0,
            "count": 200
        },
        "Dino.Policy.ExtrinsicValueEstimate.mean": {
            "value": 1.7044235467910767,
            "min": -0.17279449105262756,
            "max": 2.0520834922790527,
            "count": 200
        },
        "Dino.Policy.ExtrinsicValueEstimate.sum": {
            "value": 906.7532958984375,
            "min": -91.5810775756836,
            "max": 1054.7708740234375,
            "count": 200
        },
        "Dino.Environment.CumulativeReward.mean": {
            "value": 3.41845807027369,
            "min": 0.003716253988802842,
            "max": 4.043358485966443,
            "count": 200
        },
        "Dino.Environment.CumulativeReward.sum": {
            "value": 728.131568968296,
            "min": 1.624002993106842,
            "max": 796.5567368268967,
            "count": 200
        },
        "Dino.Policy.ExtrinsicReward.mean": {
            "value": 3.41845807027369,
            "min": 0.003716253988802842,
            "max": 4.043358485966443,
            "count": 200
        },
        "Dino.Policy.ExtrinsicReward.sum": {
            "value": 728.131568968296,
            "min": 1.624002993106842,
            "max": 796.5567368268967,
            "count": 200
        },
        "Dino.PerEpisode.SuccessfulJumpOvers.mean": {
            "value": 2.537037037037037,
            "min": 0.31654676258992803,
            "max": 3.0264550264550265,
            "count": 200
        },
        "Dino.PerEpisode.SuccessfulJumpOvers.sum": {
            "value": 548.0,
            "min": 89.0,
            "max": 593.0,
            "count": 200
        },
        "Dino.Losses.PolicyLoss.mean": {
            "value": 0.1390937865197581,
            "min": 0.1299163426071083,
            "max": 0.148131192414096,
            "count": 200
        },
        "Dino.Losses.PolicyLoss.sum": {
            "value": 0.6954689325987905,
            "min": 0.5196653704284332,
            "max": 0.74065596207048,
            "count": 200
        },
        "Dino.Losses.ValueLoss.mean": {
            "value": 0.915254737709583,
            "min": 0.21109548115883975,
            "max": 1.0826177304555034,
            "count": 200
        },
        "Dino.Losses.ValueLoss.sum": {
            "value": 4.576273688547915,
            "min": 0.844381924635359,
            "max": 5.413088652277517,
            "count": 200
        },
        "Dino.Policy.LearningRate.mean": {
            "value": 6.673297775900054e-07,
            "min": 6.673297775900054e-07,
            "max": 0.0002992083002638999,
            "count": 200
        },
        "Dino.Policy.LearningRate.sum": {
            "value": 3.336648887950027e-06,
            "min": 3.336648887950027e-06,
            "max": 0.0014890351536549498,
            "count": 200
        },
        "Dino.Policy.Epsilon.mean": {
            "value": 0.10022241000000003,
            "min": 0.10022241000000003,
            "max": 0.1997361,
            "count": 200
        },