{
    "name": "root",
    "gauges": {
        "Dino.Policy.Entropy.mean": {
            "value": 0.0067279101349413395,
            "min": 0.0054262541234493256,
            "max": 0.6622689366340637,
            "count": 200
        },
        "Dino.Policy.Entropy.sum": {
            "value": 68.22100830078125,
            "min": 54.359413146972656,
            "max": 6980.314453125,
            "count": 200
        },
        "Dino.PerEpisode.GameplayTime.mean": {
            "value": 13.562596491695059,
            "min": 8.816937941552244,
            "max": 14.685269860861759,
            "count": 200
        },
        "Dino.PerEpisode.GameplayTime.sum": {
            "value": 7961.244140625,
            "min": 7762.5732421875,
            "max": 8249.58203125,
            "count": 200
        },
        "Dino.Totals.Episodes.mean": {
            "value": 40128.0,
            "min": 312.0,
            "max": 40128.0,
            "count": 200
        },
        "Dino.Totals.Episodes.sum": {
            "value": 40128.0,
            "min": 312.0,
            "max": 40128.0,
            "count": 200
        },
        "Dino.Totals.Decisions.mean": {
            "value": 687140.0,
            "min": 3600.0,
            "max": 687140.0,
            "count": 200
        },
        "Dino.Totals.Decisions.sum": {
            "value": 687140.0,
            "min": 3600.0,
            "max": 687140.0,
            "count": 200
        },
        "Dino.Totals.GameplaySeconds.mean": {
            "value": 545031.6875,
            "min": 2768.509521484375,
            "max": 545031.6875,
            "count": 200
        },
        "Dino.Totals.GameplaySeconds.sum": {
            "value": 545031.6875,
            "min": 2768.509521484375,
            "max": 545031.6875,
            "count": 200
        },
        "Dino.Environment.LessonNumber.decision_period.mean": {
            "value": 0.0,
            "min": 0.0,
            "max": 0.0,
            "count": 200
        },
        "Dino.Environment.LessonNumber.decision_period.sum": {
            "value": 0.0,
            "min": 0.0,
            "max": 0.0,
            "count": 200
        },
        "Dino.Environment.LessonNumber.environments_per_unity_process.mean": {
            "value": 0.0,
            "min": 0.0,
            "max": 0.0,
            "count": 200
        },
        "Dino.Environment.LessonNumber.environments_per_unity_process.sum": {
            "value": 0.0,
            "min": 0.0,
            "max": 0.0,
            "count": 200
        },
        "Dino.Environment.LessonNumber.multi_scene.mean": {
            "value": 0.0,
            "min": 0.0,
            "max": 0.0,
            "count": 200
        },
        "Dino.Environment.LessonNumber.multi_scene.sum": {
            "value": 0.0,
            "min": 0.0,
            "max": 0.0,
            "count": 200
        },
        "Dino.Environment.EpisodeLength.mean": {
            "value": 15.960817717206133,
            "min": 10.682242990654206,
            "max": 17.35547576301616,
            "count": 200
        },
        "Dino.Environment.EpisodeLength.sum": {
            "value": 9369.0,
            "min": 9030.0,
            "max": 9730.0,
            "count": 200
        },
        "Dino.PerEpisode.Decisions.mean": {
            "value": 16.960817717206133,
            "min": 11.682242990654206,
            "max": 18.35547576301616,
            "count": 200
        },
        "Dino.PerEpisode.Decisions.sum": {
            "value": 9956.0,
            "min": 9703.0,
            "max": 10313.0,
            "count": 200
        },
        "Dino.PerEpisode.AttemptedJumps.mean": {
            "value": 3.848381601362862,
            "min": 3.1821471652593485,
            "max": 5.370499419279907,
            "count": 200
        },
        "Dino.PerEpisode.AttemptedJumps.sum": {
            "value": 2259.0,
            "min": 2193.0,
            "max": 4624.0,
            "count": 200
        },
        "Dino.PerEpisode.InvalidJumps.mean": {
            "value": 0.0,
            "min": 0.0,
            "max": 2.605813953488372,
            "count": 200
        },
        "Dino.PerEpisode.InvalidJumps.sum": {
            "value": 0.0,
            "min": 0.0,
            "max": 2241.0,
            "count": 200
        },
        "Dino.PerEpisode.ExecutedJumps.mean": {
            "value": 3.848381601362862,
            "min": 2.4897466827503014,
            "max": 4.262118491921005,
            "count": 200
        },
        "Dino.PerEpisode.ExecutedJumps.sum": {
            "value": 2259.0,
            "min": 2064.0,
            "max": 2383.0,
            "count": 200
        },
        "Dino.Step.mean": {
            "value": 1999995.0,
            "min": 9990.0,
            "max": 1999995.0,
            "count": 200
        },
        "Dino.Step.sum": {
            "value": 1999995.0,
            "min": 9990.0,
            "max": 1999995.0,
            "count": 200
        },
        "Dino.Policy.ExtrinsicValueEstimate.mean": {
            "value": 0.8800138235092163,
            "min": -0.24962106347084045,
            "max": 1.1359742879867554,
            "count": 200
        },
        "Dino.Policy.ExtrinsicValueEstimate.sum": {
            "value": 575.529052734375,
            "min": -212.42752075195312,
            "max": 726.9606323242188,
            "count": 200
        },
        "Dino.Environment.CumulativeReward.mean": {
            "value": 1.4942274119938979,
            "min": -0.07056299099729633,
            "max": 1.8582320392241574,
            "count": 200
        },
        "Dino.Environment.CumulativeReward.sum": {
            "value": 880.0999456644058,
            "min": -59.41403841972351,
            "max": 1009.0199972987175,
            "count": 200
        },
        "Dino.Policy.ExtrinsicReward.mean": {
            "value": 1.4942274119938979,
            "min": -0.07056299099729633,
            "max": 1.8582320392241574,
            "count": 200
        },
        "Dino.Policy.ExtrinsicReward.sum": {
            "value": 880.0999456644058,
            "min": -59.41403841972351,
            "max": 1009.0199972987175,
            "count": 200
        },
        "Dino.PerEpisode.SuccessfulJumpOvers.mean": {
            "value": 1.190800681431005,
            "min": 0.3014018691588785,
            "max": 1.4614003590664273,
            "count": 200
        },
        "Dino.PerEpisode.SuccessfulJumpOvers.sum": {
            "value": 699.0,
            "min": 258.0,
            "max": 814.0,
            "count": 200
        },
        "Dino.Losses.PolicyLoss.mean": {
            "value": 0.13837971702405924,
            "min": 0.1290582684280258,
            "max": 0.15051631366127322,
            "count": 200
        },
        "Dino.Losses.PolicyLoss.sum": {
            "value": 1.3837971702405925,
            "min": 1.1773251849419168,
            "max": 1.5051631366127323,
            "count": 200
        },
        "Dino.Losses.ValueLoss.mean": {
            "value": 1.1786936642018833,
            "min": 0.365019435815832,
            "max": 1.592781544008088,
            "count": 200
        },
        "Dino.Losses.ValueLoss.sum": {
            "value": 11.786936642018832,
            "min": 3.285174922342488,
            "max": 15.029702801927234,
            "count": 200
        },
        "Dino.Policy.LearningRate.mean": {
            "value": 7.918897360700034e-07,
            "min": 7.918897360700034e-07,
            "max": 0.00029916710027763334,
            "count": 200
        },
        "Dino.Policy.LearningRate.sum": {
            "value": 7.918897360700034e-06,
            "min": 7.918897360700034e-06,
            "max": 0.0029024304325232,
            "count": 200
        },
        "Dino.Policy.Epsilon.mean": {
            "value": 0.10026393,
            "min": 0.10026393,
            "max": 0.19972236666666668,
            "count": 200
        },