{
    "name": "root",
    "gauges": {
        "Dino.Policy.Entropy.mean": {
            "value": 0.7606643438339233,
            "min": 0.7586380243301392,
            "max": 2.102644681930542,
            "count": 200
        },
        "Dino.Policy.Entropy.sum": {
            "value": 7682.7099609375,
            "min": 7469.5009765625,
            "max": 21993.6640625,
            "count": 200
        },
        "Dino.PerEpisode.GameplayTime.mean": {
            "value": 21.55374177631579,
            "min": 8.36613206554901,
            "max": 22.65711333786232,
            "count": 200
        },
        "Dino.PerEpisode.GameplayTime.sum": {
            "value": 6142.81640625,
            "min": 5671.52001953125,
            "max": 6331.357421875,
            "count": 200
        },
        "Dino.Totals.Episodes.mean": {
            "value": 23741.0,
            "min": 259.0,
            "max": 23741.0,
            "count": 200
        },
        "Dino.Totals.Episodes.sum": {
            "value": 23741.0,
            "min": 259.0,
            "max": 23741.0,
            "count": 200
        },
        "Dino.Totals.Decisions.mean": {
            "value": 708100.0,
            "min": 3740.0,
            "max": 708100.0,
            "count": 200
        },
        "Dino.Totals.Decisions.sum": {
            "value": 708100.0,
            "min": 3740.0,
            "max": 708100.0,
            "count": 200
        },
        "Dino.Totals.GameplaySeconds.mean": {
            "value": 414447.84375,
            "min": 2170.382080078125,
            "max": 414447.84375,
            "count": 200
        },
        "Dino.Totals.GameplaySeconds.sum": {
            "value": 414447.84375,
            "min": 2170.382080078125,
            "max": 414447.84375,
            "count": 200
        },
        "Dino.Environment.LessonNumber.decision_period.mean": {
            "value": 0.0,
            "min": 0.0,
            "max": 0.0,
            "count": 200
        },
        "Dino.Environment.LessonNumber.decision_period.sum": {
            "value": 0.0,
            "min": 0.0,
            "max": 0.0,
            "count": 200
        },
        "Dino.Environment.LessonNumber.environments_per_unity_process.mean": {
            "value": 0.0,
            "min": 0.0,
            "max": 0.0,
            "count": 200
        },
        "Dino.Environment.LessonNumber.environments_per_unity_process.sum": {
            "value": 0.0,
            "min": 0.0,
            "max": 0.0,
            "count": 200
        },
        "Dino.Environment.LessonNumber.multi_scene.mean": {
            "value": 0.0,
            "min": 0.0,
            "max": 0.0,
            "count": 200
        },
        "Dino.Environment.LessonNumber.multi_scene.sum": {
            "value": 0.0,
            "min": 0.0,
            "max": 0.0,
            "count": 200
        },
        "Dino.Environment.EpisodeLength.mean": {
            "value": 34.92982456140351,
            "min": 14.279569892473118,
            "max": 36.75,
            "count": 200
        },
        "Dino.Environment.EpisodeLength.sum": {
            "value": 9955.0,
            "min": 9160.0,
            "max": 10267.0,
            "count": 200
        },
        "Dino.PerEpisode.Decisions.mean": {
            "value": 35.92982456140351,
            "min": 15.279569892473118,
            "max": 37.75,
            "count": 200
        },
        "Dino.PerEpisode.Decisions.sum": {
            "value": 10240.0,
            "min": 9453.0,
            "max": 10554.0,
            "count": 200
        },
        "Dino.PerEpisode.AttemptedJumps.mean": {
            "value": 13.824561403508772,
            "min": 5.697388632872504,
            "max": 15.577464788732394,
            "count": 200
        },
        "Dino.PerEpisode.AttemptedJumps.sum": {
            "value": 3940.0,
            "min": 3124.0,
            "max": 4837.0,
            "count": 200
        },
        "Dino.PerEpisode.ExecutedJumps.mean": {
            "value": 7.621052631578947,
            "min": 2.7542242703533026,
            "max": 7.9021739130434785,
            "count": 200
        },
        "Dino.PerEpisode.ExecutedJumps.sum": {
            "value": 2172.0,
            "min": 1701.0,
            "max": 2181.0,
            "count": 200
        },
        "Dino.PerEpisode.InvalidJumps.mean": {
            "value": 6.203508771929824,
            "min": 2.6647940074906367,
            "max": 8.619718309859154,
            "count": 200
        },
        "Dino.PerEpisode.InvalidJumps.sum": {
            "value": 1768.0,
            "min": 1423.0,
            "max": 2915.0,
            "count": 200
        },
        "Dino.Step.mean": {
            "value": 1999996.0,
            "min": 9994.0,
            "max": 1999996.0,
            "count": 200
        },
        "Dino.Step.sum": {
            "value": 1999996.0,
            "min": 9994.0,
            "max": 1999996.0,
            "count": 200
        },
        "Dino.Policy.ExtrinsicValueEstimate.mean": {
            "value": 2.1211657524108887,
            "min": -0.19055084884166718,
            "max": 2.328962802886963,
            "count": 200
        },
        "Dino.Policy.ExtrinsicValueEstimate.sum": {
            "value": 1111.4908447265625,
            "min": -127.478515625,
            "max": 1211.0606689453125,
            "count": 200
        },
        "Dino.Environment.CumulativeReward.mean": {
            "value": 4.185159847979814,
            "min": 0.08989212022540381,
            "max": 4.527802294623243,
            "count": 200
        },
        "Dino.Environment.CumulativeReward.sum": {
            "value": 1188.5853968262672,
            "min": 58.33998602628708,
            "max": 1240.6178287267685,
            "count": 200
        },
        "Dino.Policy.ExtrinsicReward.mean": {
            "value": 4.185159847979814,
            "min": 0.08989212022540381,
            "max": 4.527802294623243,
            "count": 200
        },
        "Dino.Policy.ExtrinsicReward.sum": {
            "value": 1188.5853968262672,
            "min": 58.33998602628708,
            "max": 1240.6178287267685,
            "count": 200
        },
        "Dino.PerEpisode.SuccessfulJumpOvers.mean": {
            "value": 3.126315789473684,
            "min": 0.2672811059907834,
            "max": 3.3442028985507246,
            "count": 200
        },
        "Dino.PerEpisode.SuccessfulJumpOvers.sum": {
            "value": 891.0,
            "min": 160.0,
            "max": 923.0,
            "count": 200
        },
        "Dino.Losses.PolicyLoss.mean": {
            "value": 0.14254159957755547,
            "min": 0.12903153101961753,
            "max": 0.14937050588717976,
            "count": 200
        },
        "Dino.Losses.PolicyLoss.sum": {
            "value": 0.7127079978877774,
            "min": 0.5230465532658854,
            "max": 0.7468525294358989,
            "count": 200
        },
        "Dino.Losses.ValueLoss.mean": {
            "value": 1.7075323250880228,
            "min": 0.3094763441432793,
            "max": 1.8256277063240607,
            "count": 200
        },
        "Dino.Losses.ValueLoss.sum": {
            "value": 8.537661625440114,
            "min": 1.3608300296727043,
            "max": 9.128138531620303,
            "count": 200
        },
        "Dino.Policy.LearningRate.mean": {
            "value": 7.544197485600015e-07,
            "min": 7.544197485600015e-07,
            "max": 0.0002992188752603749,
            "count": 200
        },
        "Dino.Policy.LearningRate.sum": {
            "value": 3.7720987428000075e-06,
            "min": 3.7720987428000075e-06,
            "max": 0.0014890864536378499,
            "count": 200
        },
        "Dino.Policy.Epsilon.mean": {
            "value": 0.10025144,
            "min": 0.10025144,
            "max": 0.19973962500000003,
            "count": 200
        },