{
    "name": "root",
    "gauges": {
        "Dino.Policy.Entropy.mean": {
            "value": 0.017397701740264893,
            "min": 0.010891417041420937,
            "max": 0.6694587469100952,
            "count": 200
        },
        "Dino.Policy.Entropy.sum": {
            "value": 177.45655822753906,
            "min": 108.478515625,
            "max": 7297.1005859375,
            "count": 200
        },
        "Dino.PerEpisode.GameplayTime.mean": {
            "value": 280.6,
            "min": 8.04455430625689,
            "max": 300.0000406901042,
            "count": 200
        },
        "Dino.PerEpisode.GameplayTime.sum": {
            "value": 2806.0,
            "min": 1200.0,
            "max": 7211.999267578125,
            "count": 200
        },
        "Dino.Totals.Episodes.mean": {
            "value": 2037.0,
            "min": 180.0,
            "max": 2037.0,
            "count": 200
        },
        "Dino.Totals.Episodes.sum": {
            "value": 2037.0,
            "min": 180.0,
            "max": 2037.0,
            "count": 200
        },
        "Dino.Totals.Decisions.mean": {
            "value": 693060.0,
            "min": 3940.0,
            "max": 693060.0,
            "count": 200
        },
        "Dino.Totals.Decisions.sum": {
            "value": 693060.0,
            "min": 3940.0,
            "max": 693060.0,
            "count": 200
        },
        "Dino.Totals.GameplaySeconds.mean": {
            "value": 278818.46875,
            "min": 1540.5357666015625,
            "max": 278818.46875,
            "count": 200
        },
        "Dino.Totals.GameplaySeconds.sum": {
            "value": 278818.46875,
            "min": 1540.5357666015625,
            "max": 278818.46875,
            "count": 200
        },
        "Dino.Environment.LessonNumber.decision_period.mean": {
            "value": 0.0,
            "min": 0.0,
            "max": 0.0,
            "count": 200
        },
        "Dino.Environment.LessonNumber.decision_period.sum": {
            "value": 0.0,
            "min": 0.0,
            "max": 0.0,
            "count": 200
        },
        "Dino.Environment.LessonNumber.environments_per_unity_process.mean": {
            "value": 0.0,
            "min": 0.0,
            "max": 0.0,
            "count": 200
        },
        "Dino.Environment.LessonNumber.environments_per_unity_process.sum": {
            "value": 0.0,
            "min": 0.0,
            "max": 0.0,
            "count": 200
        },
        "Dino.Environment.LessonNumber.multi_scene.mean": {
            "value": 0.0,
            "min": 0.0,
            "max": 0.0,
            "count": 200
        },
        "Dino.Environment.LessonNumber.multi_scene.sum": {
            "value": 0.0,
            "min": 0.0,
            "max": 0.0,
            "count": 200
        },
        "Dino.Environment.EpisodeLength.mean": {
            "value": 700.5,
            "min": 21.896629213483145,
            "max": 749.0,
            "count": 200
        },
        "Dino.Environment.EpisodeLength.sum": {
            "value": 7005.0,
            "min": 2996.0,
            "max": 18005.0,
            "count": 200
        },
        "Dino.PerEpisode.AttemptedJumps.mean": {
            "value": 65.0,
            "min": 2.588757396449704,
            "max": 72.16666666666667,
            "count": 200
        },
        "Dino.PerEpisode.AttemptedJumps.sum": {
            "value": 650.0,
            "min": 277.0,
            "max": 4388.0,
            "count": 200
        },
        "Dino.PerEpisode.InvalidJumps.mean": {
            "value": 0.0,
            "min": 0.0,
            "max": 6.91685393258427,
            "count": 200
        },
        "Dino.PerEpisode.InvalidJumps.sum": {
            "value": 0.0,
            "min": 0.0,
            "max": 3078.0,
            "count": 200
        },
        "Dino.PerEpisode.Decisions.mean": {
            "value": 701.5,
            "min": 22.896629213483145,
            "max": 750.0,
            "count": 200
        },
        "Dino.PerEpisode.Decisions.sum": {
            "value": 7015.0,
            "min": 3000.0,
            "max": 18030.0,
            "count": 200
        },
        "Dino.PerEpisode.ExecutedJumps.mean": {
            "value": 65.0,
            "min": 1.6516290726817042,
            "max": 71.71428571428571,
            "count": 200
        },
        "Dino.PerEpisode.ExecutedJumps.sum": {
            "value": 650.0,
            "min": 275.0,
            "max": 1667.0,
            "count": 200
        },
        "Dino.Step.mean": {
            "value": 1999983.0,
            "min": 9984.0,
            "max": 1999983.0,
            "count": 200
        },
        "Dino.Step.sum": {
            "value": 1999983.0,
            "min": 9984.0,
            "max": 1999983.0,
            "count": 200
        },
        "Dino.Policy.ExtrinsicValueEstimate.mean": {
            "value": 13.260213851928711,
            "min": -0.44017085433006287,
            "max": 13.545331954956055,
            "count": 200
        },
        "Dino.Policy.ExtrinsicValueEstimate.sum": {
            "value": 5304.08544921875,
            "min": -231.52987670898438,
            "max": 5418.1328125,
            "count": 200
        },
        "Dino.Environment.CumulativeReward.mean": {
            "value": 91.3960253238678,
            "min": -0.5711981701377076,
            "max": 100.27327655255795,
            "count": 200
        },
        "Dino.Environment.CumulativeReward.sum": {
            "value": 913.960253238678,
            "min": -247.90000583976507,
            "max": 2347.8680535554886,
            "count": 200
        },
        "Dino.Policy.ExtrinsicReward.mean": {
            "value": 91.3960253238678,
            "min": -0.5711981701377076,
            "max": 100.27327655255795,
            "count": 200
        },
        "Dino.Policy.ExtrinsicReward.sum": {
            "value": 913.960253238678,
            "min": -247.90000583976507,
            "max": 2347.8680535554886,
            "count": 200
        },
        "Dino.PerEpisode.SuccessfulJumpOvers.mean": {
            "value": 64.3,
            "min": 0.3193069306930693,
            "max": 71.28571428571429,
            "count": 200
        },
        "Dino.PerEpisode.SuccessfulJumpOvers.sum": {
            "value": 643.0,
            "min": 116.0,
            "max": 1656.0,
            "count": 200
        },
        "Dino.Losses.PolicyLoss.mean": {
            "value": 0.13937400020890667,
            "min": 0.12543312553287597,
            "max": 0.1498004496912265,
            "count": 200
        },
        "Dino.Losses.PolicyLoss.sum": {
            "value": 1.2543660018801601,
            "min": 0.9447707215763343,
            "max": 1.3100299864227087,
            "count": 200
        },
        "Dino.Losses.ValueLoss.mean": {
            "value": 0.20008615571565758,
            "min": 0.056504346766720843,
            "max": 2.622950456602449,
            "count": 200
        },
        "Dino.Losses.ValueLoss.sum": {
            "value": 1.8007754014409183,
            "min": 0.44931501917994676,
            "max": 23.606554109422042,
            "count": 200
        },
        "Dino.Policy.LearningRate.mean": {
            "value": 7.208997597333361e-07,
            "min": 7.208997597333361e-07,
            "max": 0.00029919673151775625,
            "count": 200
        },
        "Dino.Policy.LearningRate.sum": {
            "value": 6.488097837600025e-06,
            "min": 6.488097837600025e-06,
            "max": 0.0026795781068072997,
            "count": 200
        },
        "Dino.Policy.Epsilon.mean": {
            "value": 0.10024026666666667,
            "min": 0.10024026666666667,
            "max": 0.19973224374999998,
            "count": 200
        },
        "Dino.Policy.Epsilon.sum": {
            "value": 0.9021624,
            "min": 0.8101543000000001,
            "max": 1.7931927,