{"count":1,"self":388.72972799999997,"total":8702.2004083,"children":{"InitializeActuators":{"count":20,"self":0.0030007,"total":0.0030007,"children":null},"InitializeSensors":{"count":20,"self":0.0019996,"total":0.0019996,"children":null},"AgentSendState":{"count":1413501,"self":3.7244091999999998,"total":41.7388348,"children":{"CollectObservations":{"count":706760,"self":25.3315312,"total":25.331531599999998,"children":null},"WriteActionMask":{"count":706760,"self":0.43953349999999997,"total":0.43953349999999997,"children":null},"RequestDecision":{"count":706760,"self":1.0562765,"total":12.2433604,"children":{"AgentInfo.ToProto":{"count":706760,"self":1.6383638,"total":11.1870839,"children":{"GenerateSensorData":{"count":706760,"self":9.54872,"total":9.5487200999999988,"children":null}}}}}}},"DecideAction":{"count":1413501,"self":8238.9458944,"total":8238.9458365,"children":null},"AgentAct":{"count":1413501,"self":31.4751424,"total":31.475141299999997,"children":null},"AgentInfo.ToProto":{"count":32832,"self":0.16204359999999998,"total":1.3048654,"children":{"GenerateSensorData":{"count":32832,"self":1.1428217999999999,"total":1.1428217999999999,"children":null}}}},"gauges":{"Dino.CumulativeReward":{"count":32832,"max":35.00409,"min":-0.3399999,"runningAverage":2.75043344,"value":2.637969,"weightedAverage":2.19292879}},"metadata":{"timer_format_version":"0.1.0","start_time_seconds":"1660488843","unity_version":"2020.3.25f1","command_line_arguments":"C:\\Users\\marke\\Builds\\DelayedDino\\Dino.exe --mlagents-port 5021 -logFile C:\\Users\\marke\\repos\\ML-Agents-Config-Manager\\results\\dino-delayed-15\\run_logs\\Player-0.log","communication_protocol_version":"1.5.0","com.unity.ml-agents_version":"2.2.1-exp.1","scene_name":"Dino","end_time_seconds":"1660497545"}}