{
    "name": "root",
    "gauges": {
        "Dino.Policy.Entropy.mean": {
            "value": 0.12126357853412628,
            "min": 0.09583278000354767,
            "max": 2.0801620483398438,
            "count": 130
        },
        "Dino.Policy.Entropy.sum": {
            "value": 1246.589599609375,
            "min": 959.2774658203125,
            "max": 21176.048828125,
            "count": 130
        },
        "Dino.PerEpisode.GameplayTime.mean": {
            "value": 294.9707961309524,
            "min": 8.560743675495706,
            "max": 300.0,
            "count": 130
        },
        "Dino.PerEpisode.GameplayTime.sum": {
            "value": 18583.16015625,
            "min": 15358.3017578125,
            "max": 23718.080078125,
            "count": 130
        },
        "Dino.Totals.Episodes.mean": {
            "value": 7993.0,
            "min": 705.0,
            "max": 7993.0,
            "count": 130
        },
        "Dino.Totals.Episodes.sum": {
            "value": 7993.0,
            "min": 705.0,
            "max": 7993.0,
            "count": 130
        },
        "Dino.Totals.Decisions.mean": {
            "value": 437160.0,
            "min": 3400.0,
            "max": 437160.0,
            "count": 130
        },
        "Dino.Totals.Decisions.sum": {
            "value": 437160.0,
            "min": 3400.0,
            "max": 437160.0,
            "count": 130
        },
        "Dino.Totals.GameplaySeconds.mean": {
            "value": 783292.25,
            "min": 5468.99853515625,
            "max": 783292.25,
            "count": 130
        },
        "Dino.Totals.GameplaySeconds.sum": {
            "value": 783292.25,
            "min": 5468.99853515625,
            "max": 783292.25,
            "count": 130
        },
        "Dino.Environment.LessonNumber.decision_period.mean": {
            "value": 0.0,
            "min": 0.0,
            "max": 0.0,
            "count": 130
        },
        "Dino.Environment.LessonNumber.decision_period.sum": {
            "value": 0.0,
            "min": 0.0,
            "max": 0.0,
            "count": 130
        },
        "Dino.Environment.LessonNumber.environments_per_unity_process.mean": {
            "value": 0.0,
            "min": 0.0,
            "max": 0.0,
            "count": 130
        },
        "Dino.Environment.LessonNumber.environments_per_unity_process.sum": {
            "value": 0.0,
            "min": 0.0,
            "max": 0.0,
            "count": 130
        },
        "Dino.Environment.LessonNumber.multi_scene.mean": {
            "value": 0.0,
            "min": 0.0,
            "max": 0.0,
            "count": 130
        },
        "Dino.Environment.LessonNumber.multi_scene.sum": {
            "value": 0.0,
            "min": 0.0,
            "max": 0.0,
            "count": 130
        },
        "Dino.Environment.EpisodeLength.mean": {
            "value": 162.87301587301587,
            "min": 3.9111438389788904,
            "max": 165.71666666666667,
            "count": 130
        },
        "Dino.Environment.EpisodeLength.sum": {
            "value": 10261.0,
            "min": 7967.0,
            "max": 12901.0,
            "count": 130
        },
        "Dino.PerEpisode.Decisions.mean": {
            "value": 163.87301587301587,
            "min": 4.911143838978891,
            "max": 166.71666666666667,
            "count": 130
        },
        "Dino.PerEpisode.Decisions.sum": {
            "value": 10324.0,
            "min": 8530.0,
            "max": 13176.0,
            "count": 130
        },
        "Dino.PerEpisode.AttemptedJumps.mean": {
            "value": 103.65079365079364,
            "min": 2.1566901408450705,
            "max": 109.0677966101695,
            "count": 130
        },
        "Dino.PerEpisode.AttemptedJumps.sum": {
            "value": 6530.0,
            "min": 3675.0,
            "max": 7625.0,
            "count": 130
        },
        "Dino.PerEpisode.InvalidJumps.mean": {
            "value": 28.285714285714285,
            "min": 0.3286384976525822,
            "max": 31.466666666666665,
            "count": 130
        },
        "Dino.PerEpisode.InvalidJumps.sum": {
            "value": 1782.0,
            "min": 542.0,
            "max": 2181.0,
            "count": 130
        },
        "Dino.PerEpisode.ExecutedJumps.mean": {
            "value": 75.36507936507937,
            "min": 1.7761341222879685,
            "max": 79.03389830508475,
            "count": 130
        },
        "Dino.PerEpisode.ExecutedJumps.sum": {
            "value": 4748.0,
            "min": 3115.0,
            "max": 5896.0,
            "count": 130
        },
        "Dino.Step.mean": {
            "value": 1299977.0,
            "min": 9995.0,
            "max": 1299977.0,
            "count": 130
        },
        "Dino.Step.sum": {
            "value": 1299977.0,
            "min": 9995.0,
            "max": 1299977.0,
            "count": 130
        },
        "Dino.Policy.ExtrinsicValueEstimate.mean": {
            "value": 59.05619812011719,
            "min": -0.1308409571647644,
            "max": 59.51228332519531,
            "count": 130
        },
        "Dino.Policy.ExtrinsicValueEstimate.sum": {
            "value": 24803.603515625,
            "min": -255.53237915039062,
            "max": 25054.671875,
            "count": 130
        },
        "Dino.Environment.CumulativeReward.mean": {
            "value": 98.93715437253316,
            "min": -0.024763695394084847,
            "max": 98.93715437253316,
            "count": 130
        },
        "Dino.Environment.CumulativeReward.sum": {
            "value": 5936.22926235199,
            "min": -50.39412012696266,
            "max": 7102.40554356575,
            "count": 130
        },
        "Dino.Policy.ExtrinsicReward.mean": {
            "value": 98.93715437253316,
            "min": -0.024763695394084847,
            "max": 98.93715437253316,
            "count": 130
        },
        "Dino.Policy.ExtrinsicReward.sum": {
            "value": 5936.22926235199,
            "min": -50.39412012696266,
            "max": 7102.40554356575,
            "count": 130
        },
        "Dino.PerEpisode.SuccessfulJumpOvers.mean": {
            "value": 68.36507936507937,
            "min": 0.2390488110137672,
            "max": 69.22413793103448,
            "count": 130
        },
        "Dino.PerEpisode.SuccessfulJumpOvers.sum": {
            "value": 4307.0,
            "min": 382.0,
            "max": 5050.0,
            "count": 130
        },
        "Dino.Losses.PolicyLoss.mean": {
            "value": 0.1284626675744902,
            "min": 0.09762683691649446,
            "max": 0.16095309380812045,
            "count": 130
        },
        "Dino.Losses.PolicyLoss.sum": {
            "value": 0.642313337872451,
            "min": 0.44461084565549336,
            "max": 0.8047654690406023,
            "count": 130
        },
        "Dino.Losses.ValueLoss.mean": {
            "value": 7.786937958376887,
            "min": 0.20715506996731864,
            "max": 76.34095805875506,
            "count": 130
        },
        "Dino.Losses.ValueLoss.sum": {
            "value": 38.93468979188444,
            "min": 0.9300861771925112,
            "max": 381.7047902937753,
            "count": 130
        },
        "Dino.Policy.LearningRate.mean": {
            "value": 0.00010563918478696,
            "min": 0.00010563918478696,
            "max": 0.00029922371275876254,
            "count": 130
        },
        "Dino.Policy.LearningRate.sum": {
            "value": 0.0005281959239347999,
            "min": 0.00044690110103305007,
            "max": 0.0014890278036574001,
            "count": 130
        },
        "Dino.Policy.Epsilon.mean": {
            "value": 0.13521303999999998,
            "min": 0.13521303999999998,
            "max": 0.1997412375,
            "count": 130
        },