{
    "name": "root",
    "gauges": {
        "Dino.Policy.Entropy.mean": {
            "value": 0.0008112118812277913,
            "min": 0.0002834104234352708,
            "max": 0.6697518825531006,
            "count": 200
        },
        "Dino.Policy.Entropy.sum": {
            "value": 8.241912841796875,
            "min": 2.8439598083496094,
            "max": 6978.814453125,
            "count": 200
        },
        "Dino.PerEpisode.GameplayTime.mean": {
            "value": 14.06672223675035,
            "min": 8.997969630777252,
            "max": 14.305157799220963,
            "count": 200
        },
        "Dino.PerEpisode.GameplayTime.sum": {
            "value": 10085.83984375,
            "min": 9721.140625,
            "max": 10262.84375,
            "count": 200
        },
        "Dino.Totals.Episodes.mean": {
            "value": 50950.0,
            "min": 383.0,
            "max": 50950.0,
            "count": 200
        },
        "Dino.Totals.Episodes.sum": {
            "value": 50950.0,
            "min": 383.0,
            "max": 50950.0,
            "count": 200
        },
        "Dino.Totals.Decisions.mean": {
            "value": 709800.0,
            "min": 3500.0,
            "max": 709800.0,
            "count": 200
        },
        "Dino.Totals.Decisions.sum": {
            "value": 709800.0,
            "min": 3500.0,
            "max": 709800.0,
            "count": 200
        },
        "Dino.Totals.GameplaySeconds.mean": {
            "value": 673845.5,
            "min": 3256.659912109375,
            "max": 673845.5,
            "count": 200
        },
        "Dino.Totals.GameplaySeconds.sum": {
            "value": 673845.5,
            "min": 3256.659912109375,
            "max": 673845.5,
            "count": 200
        },
        "Dino.Environment.LessonNumber.decision_period.mean": {
            "value": 0.0,
            "min": 0.0,
            "max": 0.0,
            "count": 200
        },
        "Dino.Environment.LessonNumber.decision_period.sum": {
            "value": 0.0,
            "min": 0.0,
            "max": 0.0,
            "count": 200
        },
        "Dino.Environment.LessonNumber.environments_per_unity_process.mean": {
            "value": 0.0,
            "min": 0.0,
            "max": 0.0,
            "count": 200
        },
        "Dino.Environment.LessonNumber.environments_per_unity_process.sum": {
            "value": 0.0,
            "min": 0.0,
            "max": 0.0,
            "count": 200
        },
        "Dino.Environment.LessonNumber.multi_scene.mean": {
            "value": 0.0,
            "min": 0.0,
            "max": 0.0,
            "count": 200
        },
        "Dino.Environment.LessonNumber.multi_scene.sum": {
            "value": 0.0,
            "min": 0.0,
            "max": 0.0,
            "count": 200
        },
        "Dino.Environment.EpisodeLength.mean": {
            "value": 13.068340306834031,
            "min": 8.525870178739417,
            "max": 13.304532577903682,
            "count": 200
        },
        "Dino.Environment.EpisodeLength.sum": {
            "value": 9370.0,
            "min": 8988.0,
            "max": 9535.0,
            "count": 200
        },
        "Dino.PerEpisode.Decisions.mean": {
            "value": 14.068340306834031,
            "min": 9.525870178739417,
            "max": 14.304532577903682,
            "count": 200
        },
        "Dino.PerEpisode.Decisions.sum": {
            "value": 10087.0,
            "min": 9723.0,
            "max": 10265.0,
            "count": 200
        },
        "Dino.PerEpisode.AttemptedJumps.mean": {
            "value": 9.507670850767084,
            "min": 4.947318908748824,
            "max": 9.662889518413598,
            "count": 200
        },
        "Dino.PerEpisode.AttemptedJumps.sum": {
            "value": 6817.0,
            "min": 5194.0,
            "max": 6935.0,
            "count": 200
        },
        "Dino.PerEpisode.ExecutedJumps.mean": {
            "value": 4.557880055788005,
            "min": 2.353107344632768,
            "max": 4.643994211287988,
            "count": 200
        },
        "Dino.PerEpisode.ExecutedJumps.sum": {
            "value": 3268.0,
            "min": 2499.0,
            "max": 3331.0,
            "count": 200
        },
        "Dino.PerEpisode.InvalidJumps.mean": {
            "value": 4.949790794979079,
            "min": 2.52319842053307,
            "max": 5.030172413793103,
            "count": 200
        },
        "Dino.PerEpisode.InvalidJumps.sum": {
            "value": 3549.0,
            "min": 2556.0,
            "max": 3637.0,
            "count": 200
        },
        "Dino.Step.mean": {
            "value": 1999998.0,
            "min": 9994.0,
            "max": 1999998.0,
            "count": 200
        },
        "Dino.Step.sum": {
            "value": 1999998.0,
            "min": 9994.0,
            "max": 1999998.0,
            "count": 200
        },
        "Dino.Policy.ExtrinsicValueEstimate.mean": {
            "value": 0.5638728141784668,
            "min": -0.22776466608047485,
            "max": 0.6374223828315735,
            "count": 200
        },
        "Dino.Policy.ExtrinsicValueEstimate.sum": {
            "value": 404.29681396484375,
            "min": -239.15289306640625,
            "max": 454.4821472167969,
            "count": 200
        },
        "Dino.Environment.CumulativeReward.mean": {
            "value": 1.1190501683381167,
            "min": -0.051235294177261734,
            "max": 1.2164449824795702,
            "count": 200
        },
        "Dino.Environment.CumulativeReward.sum": {
            "value": 796.763719856739,
            "min": -53.745823591947556,
            "max": 850.2950427532196,
            "count": 200
        },
        "Dino.Policy.ExtrinsicReward.mean": {
            "value": 1.1190501683381167,
            "min": -0.051235294177261734,
            "max": 1.2164449824795702,
            "count": 200
        },
        "Dino.Policy.ExtrinsicReward.sum": {
            "value": 796.763719856739,
            "min": -53.745823591947556,
            "max": 850.2950427532196,
            "count": 200
        },
        "Dino.PerEpisode.SuccessfulJumpOvers.mean": {
            "value": 1.3347280334728033,
            "min": 0.42546890424481737,
            "max": 1.406657018813314,
            "count": 200
        },
        "Dino.PerEpisode.SuccessfulJumpOvers.sum": {
            "value": 957.0,
            "min": 365.0,
            "max": 992.0,
            "count": 200
        },
        "Dino.Losses.PolicyLoss.mean": {
            "value": 0.13401056548304607,
            "min": 0.1311741810374058,
            "max": 0.1481140212619188,
            "count": 200
        },
        "Dino.Losses.PolicyLoss.sum": {
            "value": 1.3401056548304608,
            "min": 1.1805676293366523,
            "max": 1.47098335269648,
            "count": 200
        },
        "Dino.Losses.ValueLoss.mean": {
            "value": 0.5059705955670941,
            "min": 0.4146113126522277,
            "max": 0.7644499019850809,
            "count": 200
        },
        "Dino.Losses.ValueLoss.sum": {
            "value": 5.059705955670941,
            "min": 3.7315018138700493,
            "max": 6.880049117865728,
            "count": 200
        },
        "Dino.Policy.LearningRate.mean": {
            "value": 7.814647395450017e-07,
            "min": 7.814647395450017e-07,
            "max": 0.00029921015026328326,
            "count": 200
        },
        "Dino.Policy.LearningRate.sum": {
            "value": 7.814647395450017e-06,
            "min": 7.814647395450017e-06,
            "max": 0.00296264986245005,
            "count": 200
        },
        "Dino.Policy.Epsilon.mean": {
            "value": 0.10026045500000003,
            "min": 0.10026045500000003,
            "max": 0.19973671666666667,
            "count": 200
        },