{
    "name": "root",
    "gauges": {
        "Dino.Policy.Entropy.mean": {
            "value": 0.6174431443214417,
            "min": 0.6028316617012024,
            "max": 2.0911855697631836,
            "count": 63
        },
        "Dino.Policy.Entropy.sum": {
            "value": 6223.8271484375,
            "min": 5749.1611328125,
            "max": 21706.505859375,
            "count": 63
        },
        "Dino.PerEpisode.GameplayTime.mean": {
            "value": 281.92998589409723,
            "min": 8.447698595799828,
            "max": 294.11828873005317,
            "count": 63
        },
        "Dino.PerEpisode.GameplayTime.sum": {
            "value": 10149.4794921875,
            "min": 9601.2392578125,
            "max": 14784.62109375,
            "count": 63
        },
        "Dino.Totals.Episodes.mean": {
            "value": 7730.0,
            "min": 495.0,
            "max": 7730.0,
            "count": 63
        },
        "Dino.Totals.Episodes.sum": {
            "value": 7730.0,
            "min": 495.0,
            "max": 7730.0,
            "count": 63
        },
        "Dino.Totals.Decisions.mean": {
            "value": 216160.0,
            "min": 3560.0,
            "max": 216160.0,
            "count": 63
        },
        "Dino.Totals.Decisions.sum": {
            "value": 216160.0,
            "min": 3560.0,
            "max": 216160.0,
            "count": 63
        },
        "Dino.Totals.GameplaySeconds.mean": {
            "value": 255203.640625,
            "min": 3952.99462890625,
            "max": 255203.640625,
            "count": 63
        },
        "Dino.Totals.GameplaySeconds.sum": {
            "value": 255203.640625,
            "min": 3952.99462890625,
            "max": 255203.640625,
            "count": 63
        },
        "Dino.Environment.LessonNumber.decision_period.mean": {
            "value": 0.0,
            "min": 0.0,
            "max": 0.0,
            "count": 63
        },
        "Dino.Environment.LessonNumber.decision_period.sum": {
            "value": 0.0,
            "min": 0.0,
            "max": 0.0,
            "count": 63
        },
        "Dino.Environment.LessonNumber.environments_per_unity_process.mean": {
            "value": 0.0,
            "min": 0.0,
            "max": 0.0,
            "count": 63
        },
        "Dino.Environment.LessonNumber.environments_per_unity_process.sum": {
            "value": 0.0,
            "min": 0.0,
            "max": 0.0,
            "count": 63
        },
        "Dino.Environment.LessonNumber.multi_scene.mean": {
            "value": 0.0,
            "min": 0.0,
            "max": 0.0,
            "count": 63
        },
        "Dino.Environment.LessonNumber.multi_scene.sum": {
            "value": 0.0,
            "min": 0.0,
            "max": 0.0,
            "count": 63
        },
        "Dino.Environment.EpisodeLength.mean": {
            "value": 233.91666666666666,
            "min": 6.368267831149927,
            "max": 244.12765957446808,
            "count": 63
        },
        "Dino.Environment.EpisodeLength.sum": {
            "value": 8421.0,
            "min": 7963.0,
            "max": 12265.0,
            "count": 63
        },
        "Dino.PerEpisode.Decisions.mean": {
            "value": 234.91666666666666,
            "min": 7.368267831149927,
            "max": 245.12765957446808,
            "count": 63
        },
        "Dino.PerEpisode.Decisions.sum": {
            "value": 8457.0,
            "min": 7999.0,
            "max": 12318.0,
            "count": 63
        },
        "Dino.PerEpisode.AttemptedJumps.mean": {
            "value": 106.61111111111111,
            "min": 3.510560815731974,
            "max": 111.1063829787234,
            "count": 63
        },
        "Dino.PerEpisode.AttemptedJumps.sum": {
            "value": 3838.0,
            "min": 3254.0,
            "max": 5641.0,
            "count": 63
        },
        "Dino.PerEpisode.ExecutedJumps.mean": {
            "value": 66.47222222222223,
            "min": 2.2032046613255645,
            "max": 69.34042553191489,
            "count": 63
        },
        "Dino.PerEpisode.ExecutedJumps.sum": {
            "value": 2393.0,
            "min": 2270.0,
            "max": 3494.0,
            "count": 63
        },
        "Dino.PerEpisode.InvalidJumps.mean": {
            "value": 40.138888888888886,
            "min": 1.3217967599410898,
            "max": 41.765957446808514,
            "count": 63
        },
        "Dino.PerEpisode.InvalidJumps.sum": {
            "value": 1445.0,
            "min": 778.0,
            "max": 2231.0,
            "count": 63
        },
        "Dino.Step.mean": {
            "value": 629985.0,
            "min": 9994.0,
            "max": 629985.0,
            "count": 63
        },
        "Dino.Step.sum": {
            "value": 629985.0,
            "min": 9994.0,
            "max": 629985.0,
            "count": 63
        },
        "Dino.Policy.ExtrinsicValueEstimate.mean": {
            "value": 38.976158142089844,
            "min": -0.16332606971263885,
            "max": 38.976158142089844,
            "count": 63
        },
        "Dino.Policy.ExtrinsicValueEstimate.sum": {
            "value": 15668.4150390625,
            "min": -211.34393310546875,
            "max": 15668.4150390625,
            "count": 63
        },
        "Dino.Environment.CumulativeReward.mean": {
            "value": 92.15716301693635,
            "min": -0.015301413037975482,
            "max": 95.54920081138611,
            "count": 63
        },
        "Dino.Environment.CumulativeReward.sum": {
            "value": 3133.343542575836,
            "min": -20.76401749253273,
            "max": 4777.460040569305,
            "count": 63
        },
        "Dino.Policy.ExtrinsicReward.mean": {
            "value": 92.15716301693635,
            "min": -0.015301413037975482,
            "max": 95.54920081138611,
            "count": 63
        },
        "Dino.Policy.ExtrinsicReward.sum": {
            "value": 3133.343542575836,
            "min": -20.76401749253273,
            "max": 4777.460040569305,
            "count": 63
        },
        "Dino.PerEpisode.SuccessfulJumpOvers.mean": {
            "value": 64.88888888888889,
            "min": 0.23874755381604695,
            "max": 67.68085106382979,
            "count": 63
        },
        "Dino.PerEpisode.SuccessfulJumpOvers.sum": {
            "value": 2336.0,
            "min": 244.0,
            "max": 3392.0,
            "count": 63
        },
        "Dino.Losses.PolicyLoss.mean": {
            "value": 0.13040669824161644,
            "min": 0.12001471645093562,
            "max": 0.14708490329200927,
            "count": 63
        },
        "Dino.Losses.PolicyLoss.sum": {
            "value": 0.6520334912080822,
            "min": 0.5057572132610799,
            "max": 0.7354245164600464,
            "count": 63
        },
        "Dino.Losses.ValueLoss.mean": {
            "value": 1.5707214561873113,
            "min": 0.3254877168394295,
            "max": 18.37355607850571,
            "count": 63
        },
        "Dino.Losses.ValueLoss.sum": {
            "value": 7.853607280936557,
            "min": 1.301950867357718,
            "max": 91.86778039252856,
            "count": 63
        },
        "Dino.Policy.LearningRate.mean": {
            "value": 0.00020638017120662,
            "min": 0.00020638017120662,
            "max": 0.000299210175263275,
            "count": 63
        },
        "Dino.Policy.LearningRate.sum": {
            "value": 0.0010319008560331,
            "min": 0.00083110317296565,
            "max": 0.0014889825036724998,
            "count": 63
        },
        "Dino.Policy.Epsilon.mean": {
            "value": 0.16879338000000002,
            "min": 0.16879338000000002,
            "max": 0.19973672500000003,
            "count": 63
        },