{
    "name": "root",
    "gauges": {
        "Dino.Policy.Entropy.mean": {
            "value": -0.1219833716750145,
            "min": -0.12387698888778687,
            "max": 2.0923614501953125,
            "count": 200
        },
        "Dino.Policy.Entropy.sum": {
            "value": -1227.1527099609375,
            "min": -1229.62060546875,
            "max": 21342.0859375,
            "count": 200
        },
        "Dino.PerEpisode.GameplayTime.mean": {
            "value": 296.6446940104167,
            "min": 8.187101330700768,
            "max": 300.0,
            "count": 200
        },
        "Dino.PerEpisode.GameplayTime.sum": {
            "value": 21358.41796875,
            "min": 16624.9423828125,
            "max": 26082.0546875,
            "count": 200
        },
        "Dino.Totals.Episodes.mean": {
            "value": 10976.0,
            "min": 846.0,
            "max": 10976.0,
            "count": 200
        },
        "Dino.Totals.Episodes.sum": {
            "value": 10976.0,
            "min": 846.0,
            "max": 10976.0,
            "count": 200
        },
        "Dino.Totals.Decisions.mean": {
            "value": 674040.0,
            "min": 3500.0,
            "max": 674040.0,
            "count": 200
        },
        "Dino.Totals.Decisions.sum": {
            "value": 674040.0,
            "min": 3500.0,
            "max": 674040.0,
            "count": 200
        },
        "Dino.Totals.GameplaySeconds.mean": {
            "value": 1336196.25,
            "min": 6313.60595703125,
            "max": 1336196.25,
            "count": 200
        },
        "Dino.Totals.GameplaySeconds.sum": {
            "value": 1336196.25,
            "min": 6313.60595703125,
            "max": 1336196.25,
            "count": 200
        },
        "Dino.Environment.LessonNumber.decision_period.mean": {
            "value": 0.0,
            "min": 0.0,
            "max": 0.0,
            "count": 200
        },
        "Dino.Environment.LessonNumber.decision_period.sum": {
            "value": 0.0,
            "min": 0.0,
            "max": 0.0,
            "count": 200
        },
        "Dino.Environment.LessonNumber.environments_per_unity_process.mean": {
            "value": 0.0,
            "min": 0.0,
            "max": 0.0,
            "count": 200
        },
        "Dino.Environment.LessonNumber.environments_per_unity_process.sum": {
            "value": 0.0,
            "min": 0.0,
            "max": 0.0,
            "count": 200
        },
        "Dino.Environment.LessonNumber.multi_scene.mean": {
            "value": 0.0,
            "min": 0.0,
            "max": 0.0,
            "count": 200
        },
        "Dino.Environment.LessonNumber.multi_scene.sum": {
            "value": 0.0,
            "min": 0.0,
            "max": 0.0,
            "count": 200
        },
        "Dino.Environment.EpisodeLength.mean": {
            "value": 147.31944444444446,
            "min": 3.211867948182198,
            "max": 149.0,
            "count": 200
        },
        "Dino.Environment.EpisodeLength.sum": {
            "value": 10607.0,
            "min": 7658.0,
            "max": 12929.0,
            "count": 200
        },
        "Dino.PerEpisode.Decisions.mean": {
            "value": 148.31944444444446,
            "min": 4.211867948182198,
            "max": 150.0,
            "count": 200
        },
        "Dino.PerEpisode.Decisions.sum": {
            "value": 10679.0,
            "min": 8306.0,
            "max": 13063.0,
            "count": 200
        },
        "Dino.PerEpisode.AttemptedJumps.mean": {
            "value": 97.54166666666667,
            "min": 1.982008368200837,
            "max": 99.53968253968254,
            "count": 200
        },
        "Dino.PerEpisode.AttemptedJumps.sum": {
            "value": 7023.0,
            "min": 4737.0,
            "max": 7954.0,
            "count": 200
        },
        "Dino.PerEpisode.InvalidJumps.mean": {
            "value": 20.319444444444443,
            "min": 0.4141725352112676,
            "max": 23.054794520547944,
            "count": 200
        },
        "Dino.PerEpisode.InvalidJumps.sum": {
            "value": 1463.0,
            "min": 795.0,
            "max": 1763.0,
            "count": 200
        },
        "Dino.PerEpisode.ExecutedJumps.mean": {
            "value": 77.22222222222223,
            "min": 1.566275167785235,
            "max": 79.08955223880596,
            "count": 200
        },
        "Dino.PerEpisode.ExecutedJumps.sum": {
            "value": 5560.0,
            "min": 3734.0,
            "max": 6191.0,
            "count": 200
        },
        "Dino.Step.mean": {
            "value": 1999997.0,
            "min": 9998.0,
            "max": 1999997.0,
            "count": 200
        },
        "Dino.Step.sum": {
            "value": 1999997.0,
            "min": 9998.0,
            "max": 1999997.0,
            "count": 200
        },
        "Dino.Policy.ExtrinsicValueEstimate.mean": {
            "value": 65.86557006835938,
            "min": -0.36510396003723145,
            "max": 66.08439636230469,
            "count": 200
        },
        "Dino.Policy.ExtrinsicValueEstimate.sum": {
            "value": 26412.09375,
            "min": -866.3916625976562,
            "max": 26529.42578125,
            "count": 200
        },
        "Dino.Environment.CumulativeReward.mean": {
            "value": 97.22720897365623,
            "min": -0.15230054833745332,
            "max": 99.01383209228516,
            "count": 200
        },
        "Dino.Environment.CumulativeReward.sum": {
            "value": 6903.131837129593,
            "min": -361.40920120477676,
            "max": 8282.202920794487,
            "count": 200
        },
        "Dino.Policy.ExtrinsicReward.mean": {
            "value": 97.22720897365623,
            "min": -0.15230054833745332,
            "max": 99.01383209228516,
            "count": 200
        },
        "Dino.Policy.ExtrinsicReward.sum": {
            "value": 6903.131837129593,
            "min": -361.40920120477676,
            "max": 8282.202920794487,
            "count": 200
        },
        "Dino.PerEpisode.SuccessfulJumpOvers.mean": {
            "value": 67.97222222222223,
            "min": 0.11297950604308986,
            "max": 69.36363636363636,
            "count": 200
        },
        "Dino.PerEpisode.SuccessfulJumpOvers.sum": {
            "value": 4894.0,
            "min": 215.0,
            "max": 5924.0,
            "count": 200
        },
        "Dino.Losses.PolicyLoss.mean": {
            "value": 0.13516167571894283,
            "min": 0.10924837480469321,
            "max": 0.16233273416614302,
            "count": 200
        },
        "Dino.Losses.PolicyLoss.sum": {
            "value": 0.6758083785947141,
            "min": 0.459730765838079,
            "max": 0.8116636708307151,
            "count": 200
        },
        "Dino.Losses.ValueLoss.mean": {
            "value": 1.7592378285480663,
            "min": 0.22186315223277633,
            "max": 156.29309071728818,
            "count": 200
        },
        "Dino.Losses.ValueLoss.sum": {
            "value": 8.796189142740332,
            "min": 0.8874526089311053,
            "max": 781.4654535864408,
            "count": 200
        },
        "Dino.Policy.LearningRate.mean": {
            "value": 8.184097272299998e-07,
            "min": 8.184097272299998e-07,
            "max": 0.0002992179377606875,
            "count": 200
        },
        "Dino.Policy.LearningRate.sum": {
            "value": 4.092048636149999e-06,
            "min": 4.092048636149999e-06,
            "max": 0.0014890758036414002,
            "count": 200
        },
        "Dino.Policy.Epsilon.mean": {
            "value": 0.10027277000000001,
            "min": 0.10027277000000001,
            "max": 0.19973931250000002,
            "count": 200
        },