{
    "name": "root",
    "gauges": {
        "Dino.Policy.Entropy.mean": {
            "value": 0.34205231070518494,
            "min": 0.329304039478302,
            "max": 2.0957632064819336,
            "count": 38
        },
        "Dino.Policy.Entropy.sum": {
            "value": 3420.523193359375,
            "min": 3331.494384765625,
            "max": 21292.953125,
            "count": 38
        },
        "Dino.PerEpisode.GameplayTime.mean": {
            "value": 275.68370961334745,
            "min": 8.419113658148529,
            "max": 275.68370961334745,
            "count": 38
        },
        "Dino.PerEpisode.GameplayTime.sum": {
            "value": 16265.3388671875,
            "min": 12891.2607421875,
            "max": 20065.49951171875,
            "count": 38
        },
        "Dino.Totals.Episodes.mean": {
            "value": 5909.0,
            "min": 621.0,
            "max": 5909.0,
            "count": 38
        },
        "Dino.Totals.Episodes.sum": {
            "value": 5909.0,
            "min": 621.0,
            "max": 5909.0,
            "count": 38
        },
        "Dino.Totals.Decisions.mean": {
            "value": 126920.0,
            "min": 3340.0,
            "max": 126920.0,
            "count": 38
        },
        "Dino.Totals.Decisions.sum": {
            "value": 126920.0,
            "min": 3340.0,
            "max": 126920.0,
            "count": 38
        },
        "Dino.Totals.GameplaySeconds.mean": {
            "value": 198634.53125,
            "min": 4808.93408203125,
            "max": 198634.53125,
            "count": 38
        },
        "Dino.Totals.GameplaySeconds.sum": {
            "value": 198634.53125,
            "min": 4808.93408203125,
            "max": 198634.53125,
            "count": 38
        },
        "Dino.Environment.LessonNumber.decision_period.mean": {
            "value": 0.0,
            "min": 0.0,
            "max": 0.0,
            "count": 38
        },
        "Dino.Environment.LessonNumber.decision_period.sum": {
            "value": 0.0,
            "min": 0.0,
            "max": 0.0,
            "count": 38
        },
        "Dino.Environment.LessonNumber.environments_per_unity_process.mean": {
            "value": 0.0,
            "min": 0.0,
            "max": 0.0,
            "count": 38
        },
        "Dino.Environment.LessonNumber.environments_per_unity_process.sum": {
            "value": 0.0,
            "min": 0.0,
            "max": 0.0,
            "count": 38
        },
        "Dino.Environment.LessonNumber.multi_scene.mean": {
            "value": 0.0,
            "min": 0.0,
            "max": 0.0,
            "count": 38
        },
        "Dino.Environment.LessonNumber.multi_scene.sum": {
            "value": 0.0,
            "min": 0.0,
            "max": 0.0,
            "count": 38
        },
        "Dino.Environment.EpisodeLength.mean": {
            "value": 171.3728813559322,
            "min": 4.450980392156863,
            "max": 171.3728813559322,
            "count": 38
        },
        "Dino.Environment.EpisodeLength.sum": {
            "value": 10111.0,
            "min": 7965.0,
            "max": 12401.0,
            "count": 38
        },
        "Dino.PerEpisode.Decisions.mean": {
            "value": 172.3728813559322,
            "min": 5.450980392156863,
            "max": 172.3728813559322,
            "count": 38
        },
        "Dino.PerEpisode.Decisions.sum": {
            "value": 10170.0,
            "min": 8052.0,
            "max": 12547.0,
            "count": 38
        },
        "Dino.PerEpisode.AttemptedJumps.mean": {
            "value": 98.27118644067797,
            "min": 2.608174386920981,
            "max": 98.27118644067797,
            "count": 38
        },
        "Dino.PerEpisode.AttemptedJumps.sum": {
            "value": 5798.0,
            "min": 4534.0,
            "max": 7164.0,
            "count": 38
        },
        "Dino.PerEpisode.ExecutedJumps.mean": {
            "value": 66.50847457627118,
            "min": 1.8629164391043145,
            "max": 66.50847457627118,
            "count": 38
        },
        "Dino.PerEpisode.ExecutedJumps.sum": {
            "value": 3924.0,
            "min": 3068.0,
            "max": 4850.0,
            "count": 38
        },
        "Dino.PerEpisode.InvalidJumps.mean": {
            "value": 31.76271186440678,
            "min": 0.7600884466556108,
            "max": 31.883333333333333,
            "count": 38
        },
        "Dino.PerEpisode.InvalidJumps.sum": {
            "value": 1874.0,
            "min": 1186.0,
            "max": 2314.0,
            "count": 38
        },
        "Dino.Step.mean": {
            "value": 379984.0,
            "min": 9996.0,
            "max": 379984.0,
            "count": 38
        },
        "Dino.Step.sum": {
            "value": 379984.0,
            "min": 9996.0,
            "max": 379984.0,
            "count": 38
        },
        "Dino.Policy.ExtrinsicValueEstimate.mean": {
            "value": 46.1319580078125,
            "min": -0.19674400985240936,
            "max": 46.1319580078125,
            "count": 38
        },
        "Dino.Policy.ExtrinsicValueEstimate.sum": {
            "value": 19790.609375,
            "min": -351.19873046875,
            "max": 19790.609375,
            "count": 38
        },
        "Dino.Environment.CumulativeReward.mean": {
            "value": 89.97168268288596,
            "min": -0.06295266701999737,
            "max": 89.97168268288596,
            "count": 38
        },
        "Dino.Environment.CumulativeReward.sum": {
            "value": 5308.329278290272,
            "min": -115.51814398169518,
            "max": 6376.871269822121,
            "count": 38
        },
        "Dino.Policy.ExtrinsicReward.mean": {
            "value": 89.97168268288596,
            "min": -0.06295266701999737,
            "max": 89.97168268288596,
            "count": 38
        },
        "Dino.Policy.ExtrinsicReward.sum": {
            "value": 5308.329278290272,
            "min": -115.51814398169518,
            "max": 6376.871269822121,
            "count": 38
        },
        "Dino.PerEpisode.SuccessfulJumpOvers.mean": {
            "value": 62.932203389830505,
            "min": 0.2004118050789293,
            "max": 62.932203389830505,
            "count": 38
        },
        "Dino.PerEpisode.SuccessfulJumpOvers.sum": {
            "value": 3713.0,
            "min": 292.0,
            "max": 4439.0,
            "count": 38
        },
        "Dino.Losses.PolicyLoss.mean": {
            "value": 0.1401693729164067,
            "min": 0.12229314398556687,
            "max": 0.14861777069847076,
            "count": 38
        },
        "Dino.Losses.PolicyLoss.sum": {
            "value": 0.7008468645820335,
            "min": 0.4891725759422675,
            "max": 0.7430888534923538,
            "count": 38
        },
        "Dino.Losses.ValueLoss.mean": {
            "value": 15.397892752164163,
            "min": 0.32974197526980276,
            "max": 58.427479850610666,
            "count": 38
        },
        "Dino.Losses.ValueLoss.sum": {
            "value": 76.98946376082081,
            "min": 1.318967901079211,
            "max": 292.13739925305333,
            "count": 38
        },
        "Dino.Policy.LearningRate.mean": {
            "value": 0.00024374959875013996,
            "min": 0.00024374959875013996,
            "max": 0.00029921955026015,
            "count": 38
        },
        "Dino.Policy.LearningRate.sum": {
            "value": 0.0012187479937506998,
            "min": 0.0009930486689838,
            "max": 0.0014890288536570499,
            "count": 38
        },
        "Dino.Policy.Epsilon.mean": {
            "value": 0.18124986,
            "min": 0.18124986,
            "max": 0.19973985000000002,
            "count": 38
        },