{
    "name": "root",
    "gauges": {
        "Dino.Policy.Entropy.mean": {
            "value": 0.271289199590683,
            "min": 0.271289199590683,
            "max": 2.092613697052002,
            "count": 200
        },
        "Dino.Policy.Entropy.sum": {
            "value": 2761.72412109375,
            "min": 2641.125732421875,
            "max": 21553.921875,
            "count": 200
        },
        "Dino.PerEpisode.GameplayTime.mean": {
            "value": 298.8970540364583,
            "min": 8.592218685150147,
            "max": 300.0,
            "count": 200
        },
        "Dino.PerEpisode.GameplayTime.sum": {
            "value": 14347.05859375,
            "min": 9431.5205078125,
            "max": 17291.52001953125,
            "count": 200
        },
        "Dino.Totals.Episodes.mean": {
            "value": 9370.0,
            "min": 563.0,
            "max": 9370.0,
            "count": 200
        },
        "Dino.Totals.Episodes.sum": {
            "value": 9370.0,
            "min": 563.0,
            "max": 9370.0,
            "count": 200
        },
        "Dino.Totals.Decisions.mean": {
            "value": 682600.0,
            "min": 3580.0,
            "max": 682600.0,
            "count": 200
        },
        "Dino.Totals.Decisions.sum": {
            "value": 682600.0,
            "min": 3580.0,
            "max": 682600.0,
            "count": 200
        },
        "Dino.Totals.GameplaySeconds.mean": {
            "value": 943212.0625,
            "min": 4583.298828125,
            "max": 943212.0625,
            "count": 200
        },
        "Dino.Totals.GameplaySeconds.sum": {
            "value": 943212.0625,
            "min": 4583.298828125,
            "max": 943212.0625,
            "count": 200
        },
        "Dino.Environment.LessonNumber.decision_period.mean": {
            "value": 0.0,
            "min": 0.0,
            "max": 0.0,
            "count": 200
        },
        "Dino.Environment.LessonNumber.decision_period.sum": {
            "value": 0.0,
            "min": 0.0,
            "max": 0.0,
            "count": 200
        },
        "Dino.Environment.LessonNumber.environments_per_unity_process.mean": {
            "value": 0.0,
            "min": 0.0,
            "max": 0.0,
            "count": 200
        },
        "Dino.Environment.LessonNumber.environments_per_unity_process.sum": {
            "value": 0.0,
            "min": 0.0,
            "max": 0.0,
            "count": 200
        },
        "Dino.Environment.LessonNumber.multi_scene.mean": {
            "value": 0.0,
            "min": 0.0,
            "max": 0.0,
            "count": 200
        },
        "Dino.Environment.LessonNumber.multi_scene.sum": {
            "value": 0.0,
            "min": 0.0,
            "max": 0.0,
            "count": 200
        },
        "Dino.Environment.EpisodeLength.mean": {
            "value": 212.45833333333334,
            "min": 5.387381703470032,
            "max": 213.43589743589743,
            "count": 200
        },
        "Dino.Environment.EpisodeLength.sum": {
            "value": 10198.0,
            "min": 6696.0,
            "max": 12283.0,
            "count": 200
        },
        "Dino.PerEpisode.Decisions.mean": {
            "value": 213.45833333333334,
            "min": 6.387381703470032,
            "max": 214.43589743589743,
            "count": 200
        },
        "Dino.PerEpisode.Decisions.sum": {
            "value": 10246.0,
            "min": 6737.0,
            "max": 12352.0,
            "count": 200
        },
        "Dino.PerEpisode.AttemptedJumps.mean": {
            "value": 120.125,
            "min": 3.365530303030303,
            "max": 128.01923076923077,
            "count": 200
        },
        "Dino.PerEpisode.AttemptedJumps.sum": {
            "value": 5766.0,
            "min": 3641.0,
            "max": 7010.0,
            "count": 200
        },
        "Dino.PerEpisode.InvalidJumps.mean": {
            "value": 37.791666666666664,
            "min": 1.131461391193363,
            "max": 51.829268292682926,
            "count": 200
        },
        "Dino.PerEpisode.InvalidJumps.sum": {
            "value": 1814.0,
            "min": 1422.0,
            "max": 2668.0,
            "count": 200
        },
        "Dino.PerEpisode.ExecutedJumps.mean": {
            "value": 82.33333333333333,
            "min": 2.2476310802274164,
            "max": 84.95555555555555,
            "count": 200
        },
        "Dino.PerEpisode.ExecutedJumps.sum": {
            "value": 3952.0,
            "min": 2219.0,
            "max": 4732.0,
            "count": 200
        },
        "Dino.Step.mean": {
            "value": 1999996.0,
            "min": 9996.0,
            "max": 1999996.0,
            "count": 200
        },
        "Dino.Step.sum": {
            "value": 1999996.0,
            "min": 9996.0,
            "max": 1999996.0,
            "count": 200
        },
        "Dino.Policy.ExtrinsicValueEstimate.mean": {
            "value": 46.072532653808594,
            "min": -0.19625382125377655,
            "max": 46.415767669677734,
            "count": 200
        },
        "Dino.Policy.ExtrinsicValueEstimate.sum": {
            "value": 19442.609375,
            "min": -301.83837890625,
            "max": 19570.8359375,
            "count": 200
        },
        "Dino.Environment.CumulativeReward.mean": {
            "value": 97.97998970250289,
            "min": 0.00011498608147374358,
            "max": 99.10059401568245,
            "count": 200
        },
        "Dino.Environment.CumulativeReward.sum": {
            "value": 4703.039505720139,
            "min": 0.1799532175064087,
            "max": 5590.467416167259,
            "count": 200
        },
        "Dino.Policy.ExtrinsicReward.mean": {
            "value": 97.97998970250289,
            "min": 0.00011498608147374358,
            "max": 99.10059401568245,
            "count": 200
        },
        "Dino.Policy.ExtrinsicReward.sum": {
            "value": 4703.039505720139,
            "min": 0.1799532175064087,
            "max": 5590.467416167259,
            "count": 200
        },
        "Dino.PerEpisode.SuccessfulJumpOvers.mean": {
            "value": 68.5625,
            "min": 0.229518855656697,
            "max": 69.5576923076923,
            "count": 200
        },
        "Dino.PerEpisode.SuccessfulJumpOvers.sum": {
            "value": 3291.0,
            "min": 308.0,
            "max": 3958.0,
            "count": 200
        },
        "Dino.Losses.PolicyLoss.mean": {
            "value": 0.12065865292388481,
            "min": 0.10834131623403384,
            "max": 0.15379035643612346,
            "count": 200
        },
        "Dino.Losses.PolicyLoss.sum": {
            "value": 0.603293264619424,
            "min": 0.43336526493613536,
            "max": 0.7689517821806173,
            "count": 200
        },
        "Dino.Losses.ValueLoss.mean": {
            "value": 0.5696921198628843,
            "min": 0.15584014053569917,
            "max": 81.56054301777235,
            "count": 200
        },
        "Dino.Losses.ValueLoss.sum": {
            "value": 2.8484605993144214,
            "min": 0.6509440176242676,
            "max": 407.8027150888617,
            "count": 200
        },
        "Dino.Policy.LearningRate.mean": {
            "value": 7.182397606199871e-07,
            "min": 7.182397606199871e-07,
            "max": 0.0002992084877638375,
            "count": 200
        },
        "Dino.Policy.LearningRate.sum": {
            "value": 3.5911988030999355e-06,
            "min": 3.5911988030999355e-06,
            "max": 0.00148895865368045,
            "count": 200
        },
        "Dino.Policy.Epsilon.mean": {
            "value": 0.10023938000000002,
            "min": 0.10023938000000002,
            "max": 0.19973616249999998,
            "count": 200
        },